Account,Region,PVC Namespace,PVC Name,EBS Volume ID,EBS Creation Date,Size in GB,EBS Type,IOPS (if any),Tags,Monthly cost,Yearly cost
700982990415,us-east-1,N/A,N/A,vol-0ab62abe393604fcd,2020-01-07 23:34:57.096000+00:00,8,gp2,100,[],$0.64,$7.68
700982990415,us-east-1,op-druid,tmp-op-druid-meters-0-data-2,vol-0a8dd03126e00434c,2023-10-05 23:56:32.867000+00:00,100,io1,1000,"[{'Key': 'Name', 'Value': 'eks-us-east-1-dynamic-pvc-9dd3ca89-5f31-4800-ae2b-184df13beee0'}, {'Key': 'ebs.csi.aws.com/cluster', 'Value': 'true'}, {'Key': 'KubernetesCluster', 'Value': 'eks-us-east-1'}, {'Key': 'kubernetes.io/created-for/pvc/name', 'Value': 'tmp-op-druid-meters-0-data-2'}, {'Key': 'kubernetes.io/created-for/pv/name', 'Value': 'pvc-9dd3ca89-5f31-4800-ae2b-184df13beee0'}, {'Key': 'kubernetes.io/created-for/pvc/namespace', 'Value': 'op-druid'}, {'Key': 'kubernetes.io/cluster/eks-us-east-1', 'Value': 'owned'}, {'Key': 'CSIVolumeName', 'Value': 'pvc-9dd3ca89-5f31-4800-ae2b-184df13beee0'}]",$8.00,$96.00
700982990415,us-east-1,op-druid,tmp-op-druid-metric-0-data-7,vol-052966b1fae322db0,2023-10-05 23:57:59.706000+00:00,100,io1,1000,"[{'Key': 'ebs.csi.aws.com/cluster', 'Value': 'true'}, {'Key': 'kubernetes.io/created-for/pv/name', 'Value': 'pvc-b1b2c515-d2b0-4637-b29a-0dc8e938b770'}, {'Key': 'kubernetes.io/created-for/pvc/name', 'Value': 'tmp-op-druid-metric-0-data-7'}, {'Key': 'kubernetes.io/cluster/eks-us-east-1', 'Value': 'owned'}, {'Key': 'CSIVolumeName', 'Value': 'pvc-b1b2c515-d2b0-4637-b29a-0dc8e938b770'}, {'Key': 'KubernetesCluster', 'Value': 'eks-us-east-1'}, {'Key': 'Name', 'Value': 'eks-us-east-1-dynamic-pvc-b1b2c515-d2b0-4637-b29a-0dc8e938b770'}, {'Key': 'kubernetes.io/created-for/pvc/namespace', 'Value': 'op-druid'}]",$8.00,$96.00
700982990415,us-east-1,data-exporter,persistent-sending-queue-metrics-internal-collector-2,vol-0b8b54790c12cdbae,2023-09-26 00:18:47.808000+00:00,1,gp2,100,"[{'Key': 'kubernetes.io/created-for/pvc/name', 'Value': 'persistent-sending-queue-metrics-internal-collector-2'}, {'Key': 'Name', 'Value': 'eks-us-east-1-dynamic-pvc-33ea380a-87b7-4a71-b1c7-494e1c83a887'}, {'Key': 'kubernetes.io/cluster/eks-us-east-1', 'Value': 'owned'}, {'Key': 'kubernetes.io/created-for/pv/name', 'Value': 'pvc-33ea380a-87b7-4a71-b1c7-494e1c83a887'}, {'Key': 'kubernetes.io/created-for/pvc/namespace', 'Value': 'data-exporter'}, {'Key': 'ebs.csi.aws.com/cluster', 'Value': 'true'}, {'Key': 'CSIVolumeName', 'Value': 'pvc-33ea380a-87b7-4a71-b1c7-494e1c83a887'}, {'Key': 'KubernetesCluster', 'Value': 'eks-us-east-1'}]",$0.08,$0.96
700982990415,us-east-1,op-druid,tmp-op-druid-meters-0-data-0,vol-0df770652f27fa210,2023-10-05 23:56:32.699000+00:00,100,io1,1000,"[{'Key': 'Name', 'Value': 'eks-us-east-1-dynamic-pvc-7696f0ac-737a-4360-ae9a-024a3a3951c8'}, {'Key': 'kubernetes.io/created-for/pvc/namespace', 'Value': 'op-druid'}, {'Key': 'KubernetesCluster', 'Value': 'eks-us-east-1'}, {'Key': 'kubernetes.io/cluster/eks-us-east-1', 'Value': 'owned'}, {'Key': 'kubernetes.io/created-for/pvc/name', 'Value': 'tmp-op-druid-meters-0-data-0'}, {'Key': 'CSIVolumeName', 'Value': 'pvc-7696f0ac-737a-4360-ae9a-024a3a3951c8'}, {'Key': 'ebs.csi.aws.com/cluster', 'Value': 'true'}, {'Key': 'kubernetes.io/created-for/pv/name', 'Value': 'pvc-7696f0ac-737a-4360-ae9a-024a3a3951c8'}]",$8.00,$96.00
700982990415,us-east-1,audit-log,deleter-pv-deleter-db-dump-restore-0,vol-057ef664ef52ced44,2023-10-10 16:20:49.668000+00:00,1024,io1,5120,"[{'Key': 'CSIVolumeName', 'Value': 'pvc-77d3c95c-ce2b-4ae4-b958-afa4bd5e3c73'}, {'Key': 'kubernetes.io/cluster/eks-us-east-1', 'Value': 'owned'}, {'Key': 'ebs.csi.aws.com/cluster', 'Value': 'true'}, {'Key': 'Name', 'Value': 'eks-us-east-1-dynamic-pvc-77d3c95c-ce2b-4ae4-b958-afa4bd5e3c73'}, {'Key': 'KubernetesCluster', 'Value': 'eks-us-east-1'}, {'Key': 'kubernetes.io/created-for/pvc/name', 'Value': 'deleter-pv-deleter-db-dump-restore-0'}, {'Key': 'kubernetes.io/created-for/pv/name', 'Value': 'pvc-77d3c95c-ce2b-4ae4-b958-afa4bd5e3c73'}, {'Key': 'kubernetes.io/created-for/pvc/namespace', 'Value': 'audit-log'}]",$81.92,$983.04
700982990415,us-east-1,op-druid,var-op-druid-meters-0-data-1,vol-09aa98fa18b54d922,2023-10-05 23:56:32.784000+00:00,1024,io1,10240,"[{'Key': 'Name', 'Value': 'eks-us-east-1-dynamic-pvc-fa0816f1-10be-48e1-bd14-6468a1f7c88c'}, {'Key': 'kubernetes.io/created-for/pvc/name', 'Value': 'var-op-druid-meters-0-data-1'}, {'Key': 'CSIVolumeName', 'Value': 'pvc-fa0816f1-10be-48e1-bd14-6468a1f7c88c'}, {'Key': 'kubernetes.io/created-for/pvc/namespace', 'Value': 'op-druid'}, {'Key': 'ebs.csi.aws.com/cluster', 'Value': 'true'}, {'Key': 'KubernetesCluster', 'Value': 'eks-us-east-1'}, {'Key': 'kubernetes.io/cluster/eks-us-east-1', 'Value': 'owned'}, {'Key': 'kubernetes.io/created-for/pv/name', 'Value': 'pvc-fa0816f1-10be-48e1-bd14-6468a1f7c88c'}]",$81.92,$983.04
700982990415,us-east-1,op-druid,tmp-op-druid-metric-0-data-4,vol-0a47ef985cc9db490,2023-10-05 23:57:56.675000+00:00,100,io1,1000,"[{'Key': 'CSIVolumeName', 'Value': 'pvc-3626861c-b3bf-4f82-9517-bfc5043d0c21'}, {'Key': 'kubernetes.io/created-for/pvc/namespace', 'Value': 'op-druid'}, {'Key': 'kubernetes.io/created-for/pvc/name', 'Value': 'tmp-op-druid-metric-0-data-4'}, {'Key': 'ebs.csi.aws.com/cluster', 'Value': 'true'}, {'Key': 'Name', 'Value': 'eks-us-east-1-dynamic-pvc-3626861c-b3bf-4f82-9517-bfc5043d0c21'}, {'Key': 'kubernetes.io/created-for/pv/name', 'Value': 'pvc-3626861c-b3bf-4f82-9517-bfc5043d0c21'}, {'Key': 'KubernetesCluster', 'Value': 'eks-us-east-1'}, {'Key': 'kubernetes.io/cluster/eks-us-east-1', 'Value': 'owned'}]",$8.00,$96.00
700982990415,us-east-1,op-druid,var-op-druid-metric-0-data-1,vol-0a08e380b6a432680,2023-10-05 23:57:57.108000+00:00,1024,io1,10240,"[{'Key': 'kubernetes.io/created-for/pv/name', 'Value': 'pvc-56a9ae82-6cbb-4a1d-8647-9c7e0f7199ff'}, {'Key': 'kubernetes.io/cluster/eks-us-east-1', 'Value': 'owned'}, {'Key': 'KubernetesCluster', 'Value': 'eks-us-east-1'}, {'Key': 'ebs.csi.aws.com/cluster', 'Value': 'true'}, {'Key': 'kubernetes.io/created-for/pvc/name', 'Value': 'var-op-druid-metric-0-data-1'}, {'Key': 'Name', 'Value': 'eks-us-east-1-dynamic-pvc-56a9ae82-6cbb-4a1d-8647-9c7e0f7199ff'}, {'Key': 'CSIVolumeName', 'Value': 'pvc-56a9ae82-6cbb-4a1d-8647-9c7e0f7199ff'}, {'Key': 'kubernetes.io/created-for/pvc/namespace', 'Value': 'op-druid'}]",$81.92,$983.04
700982990415,us-east-1,op-druid,datalogdir-op-druid-zk-v1-1,vol-058b371c52f4ac2d3,2023-07-24 23:28:08.745000+00:00,10,gp2,100,"[{'Key': 'kubernetes.io/cluster/eks-us-east-1', 'Value': 'owned'}, {'Key': 'kubernetes.io/created-for/pvc/namespace', 'Value': 'op-druid'}, {'Key': 'kubernetes.io/created-for/pv/name', 'Value': 'pvc-7d59f101-35ec-4e42-ac6f-6c01b836b748'}, {'Key': 'kubernetes.io/created-for/pvc/name', 'Value': 'datalogdir-op-druid-zk-v1-1'}, {'Key': 'ebs.csi.aws.com/cluster', 'Value': 'true'}, {'Key': 'CSIVolumeName', 'Value': 'pvc-7d59f101-35ec-4e42-ac6f-6c01b836b748'}, {'Key': 'KubernetesCluster', 'Value': 'eks-us-east-1'}, {'Key': 'Name', 'Value': 'eks-us-east-1-dynamic-pvc-7d59f101-35ec-4e42-ac6f-6c01b836b748'}]",$0.80,$9.60
700982990415,us-east-1,op-druid,var-op-druid-traces-0-data-0,vol-05872297ac6336ddf,2023-10-05 23:57:57.716000+00:00,1024,io1,10240,"[{'Key': 'CSIVolumeName', 'Value': 'pvc-b1e3ed92-eae0-4241-8697-837e81738565'}, {'Key': 'kubernetes.io/created-for/pvc/namespace', 'Value': 'op-druid'}, {'Key': 'KubernetesCluster', 'Value': 'eks-us-east-1'}, {'Key': 'kubernetes.io/created-for/pv/name', 'Value': 'pvc-b1e3ed92-eae0-4241-8697-837e81738565'}, {'Key': 'ebs.csi.aws.com/cluster', 'Value': 'true'}, {'Key': 'Name', 'Value': 'eks-us-east-1-dynamic-pvc-b1e3ed92-eae0-4241-8697-837e81738565'}, {'Key': 'kubernetes.io/cluster/eks-us-east-1', 'Value': 'owned'}, {'Key': 'kubernetes.io/created-for/pvc/name', 'Value': 'var-op-druid-traces-0-data-0'}]",$81.92,$983.04
700982990415,us-east-1,op-druid,datalogdir-op-druid-zk-v1-0,vol-01cbe68580f2711e6,2023-07-24 23:27:38.715000+00:00,10,gp2,100,"[{'Key': 'Name', 'Value': 'eks-us-east-1-dynamic-pvc-c66041a8-2478-4e3f-810d-b3d4cbb0e6db'}, {'Key': 'KubernetesCluster', 'Value': 'eks-us-east-1'}, {'Key': 'kubernetes.io/cluster/eks-us-east-1', 'Value': 'owned'}, {'Key': 'CSIVolumeName', 'Value': 'pvc-c66041a8-2478-4e3f-810d-b3d4cbb0e6db'}, {'Key': 'kubernetes.io/created-for/pv/name', 'Value': 'pvc-c66041a8-2478-4e3f-810d-b3d4cbb0e6db'}, {'Key': 'kubernetes.io/created-for/pvc/name', 'Value': 'datalogdir-op-druid-zk-v1-0'}, {'Key': 'ebs.csi.aws.com/cluster', 'Value': 'true'}, {'Key': 'kubernetes.io/created-for/pvc/namespace', 'Value': 'op-druid'}]",$0.80,$9.60
700982990415,us-east-1,data-exporter,persistent-sending-queue-traces-collector-0,vol-07782bb7428463cfb,2023-09-22 00:29:35.969000+00:00,1,gp2,100,"[{'Key': 'KubernetesCluster', 'Value': 'eks-us-east-1'}, {'Key': 'Name', 'Value': 'eks-us-east-1-dynamic-pvc-5a331330-7a56-4b0c-ae0b-e9c8bdb39354'}, {'Key': 'CSIVolumeName', 'Value': 'pvc-5a331330-7a56-4b0c-ae0b-e9c8bdb39354'}, {'Key': 'kubernetes.io/created-for/pvc/name', 'Value': 'persistent-sending-queue-traces-collector-0'}, {'Key': 'kubernetes.io/created-for/pv/name', 'Value': 'pvc-5a331330-7a56-4b0c-ae0b-e9c8bdb39354'}, {'Key': 'kubernetes.io/created-for/pvc/namespace', 'Value': 'data-exporter'}, {'Key': 'kubernetes.io/cluster/eks-us-east-1', 'Value': 'owned'}, {'Key': 'ebs.csi.aws.com/cluster', 'Value': 'true'}]",$0.08,$0.96
700982990415,us-east-1,op-druid,tmp-op-druid-meters-0-data-8,vol-0e40329a8e3f439e8,2023-10-05 23:56:33.407000+00:00,100,io1,1000,"[{'Key': 'Name', 'Value': 'eks-us-east-1-dynamic-pvc-bfcbe497-ff37-4588-86f6-1054934ebfc6'}, {'Key': 'kubernetes.io/created-for/pvc/namespace', 'Value': 'op-druid'}, {'Key': 'CSIVolumeName', 'Value': 'pvc-bfcbe497-ff37-4588-86f6-1054934ebfc6'}, {'Key': 'kubernetes.io/created-for/pv/name', 'Value': 'pvc-bfcbe497-ff37-4588-86f6-1054934ebfc6'}, {'Key': 'ebs.csi.aws.com/cluster', 'Value': 'true'}, {'Key': 'kubernetes.io/cluster/eks-us-east-1', 'Value': 'owned'}, {'Key': 'KubernetesCluster', 'Value': 'eks-us-east-1'}, {'Key': 'kubernetes.io/created-for/pvc/name', 'Value': 'tmp-op-druid-meters-0-data-8'}]",$8.00,$96.00
700982990415,us-east-1,data-exporter,persistent-sending-queue-logs-collector-2,vol-029d9ba482726ef17,2023-11-17 22:04:53.210000+00:00,1,gp2,100,"[{'Key': 'Name', 'Value': 'eks-us-east-1-dynamic-pvc-955e5596-d563-4242-8ec4-79b251fd5ade'}, {'Key': 'KubernetesCluster', 'Value': 'eks-us-east-1'}, {'Key': 'kubernetes.io/cluster/eks-us-east-1', 'Value': 'owned'}, {'Key': 'CSIVolumeName', 'Value': 'pvc-955e5596-d563-4242-8ec4-79b251fd5ade'}, {'Key': 'ebs.csi.aws.com/cluster', 'Value': 'true'}, {'Key': 'kubernetes.io/created-for/pvc/namespace', 'Value': 'data-exporter'}, {'Key': 'kubernetes.io/created-for/pvc/name', 'Value': 'persistent-sending-queue-logs-collector-2'}, {'Key': 'kubernetes.io/created-for/pv/name', 'Value': 'pvc-955e5596-d563-4242-8ec4-79b251fd5ade'}]",$0.08,$0.96
700982990415,us-east-1,op-druid,tmp-op-druid-meters-0-data-7,vol-06195a1ee22e1dd63,2023-10-05 23:56:33.206000+00:00,100,io1,1000,"[{'Key': 'kubernetes.io/created-for/pvc/name', 'Value': 'tmp-op-druid-meters-0-data-7'}, {'Key': 'CSIVolumeName', 'Value': 'pvc-37f4fd69-fc69-4170-84f8-6b84024ce433'}, {'Key': 'kubernetes.io/created-for/pv/name', 'Value': 'pvc-37f4fd69-fc69-4170-84f8-6b84024ce433'}, {'Key': 'kubernetes.io/cluster/eks-us-east-1', 'Value': 'owned'}, {'Key': 'KubernetesCluster', 'Value': 'eks-us-east-1'}, {'Key': 'ebs.csi.aws.com/cluster', 'Value': 'true'}, {'Key': 'Name', 'Value': 'eks-us-east-1-dynamic-pvc-37f4fd69-fc69-4170-84f8-6b84024ce433'}, {'Key': 'kubernetes.io/created-for/pvc/namespace', 'Value': 'op-druid'}]",$8.00,$96.00
700982990415,us-east-1,data-exporter,persistent-sending-queue-traces-collector-6,vol-0ef2f0bfb48eb0ca9,2024-02-01 20:28:30.946000+00:00,1,gp2,100,"[{'Key': 'Name', 'Value': 'eks-us-east-1-dynamic-pvc-e235cc4e-d7ea-492d-baa4-ecfe99cbbe5a'}, {'Key': 'kubernetes.io/created-for/pvc/name', 'Value': 'persistent-sending-queue-traces-collector-6'}, {'Key': 'ebs.csi.aws.com/cluster', 'Value': 'true'}, {'Key': 'KubernetesCluster', 'Value': 'eks-us-east-1'}, {'Key': 'kubernetes.io/cluster/eks-us-east-1', 'Value': 'owned'}, {'Key': 'kubernetes.io/created-for/pvc/namespace', 'Value': 'data-exporter'}, {'Key': 'CSIVolumeName', 'Value': 'pvc-e235cc4e-d7ea-492d-baa4-ecfe99cbbe5a'}, {'Key': 'kubernetes.io/created-for/pv/name', 'Value': 'pvc-e235cc4e-d7ea-492d-baa4-ecfe99cbbe5a'}]",$0.08,$0.96
700982990415,us-east-1,data-exporter,persistent-sending-queue-logs-collector-1,vol-02a73f54b4ba7e366,2023-11-17 22:04:53.147000+00:00,1,gp2,100,"[{'Key': 'kubernetes.io/created-for/pvc/name', 'Value': 'persistent-sending-queue-logs-collector-1'}, {'Key': 'Name', 'Value': 'eks-us-east-1-dynamic-pvc-46827152-addb-4e0c-9615-b495de0fc69f'}, {'Key': 'KubernetesCluster', 'Value': 'eks-us-east-1'}, {'Key': 'ebs.csi.aws.com/cluster', 'Value': 'true'}, {'Key': 'kubernetes.io/created-for/pvc/namespace', 'Value': 'data-exporter'}, {'Key': 'kubernetes.io/cluster/eks-us-east-1', 'Value': 'owned'}, {'Key': 'kubernetes.io/created-for/pv/name', 'Value': 'pvc-46827152-addb-4e0c-9615-b495de0fc69f'}, {'Key': 'CSIVolumeName', 'Value': 'pvc-46827152-addb-4e0c-9615-b495de0fc69f'}]",$0.08,$0.96
700982990415,us-east-1,data-exporter,persistent-sending-queue-logs-collector-5,vol-044354ad0255aa3ed,2023-11-17 22:04:53.348000+00:00,1,gp2,100,"[{'Key': 'kubernetes.io/created-for/pvc/namespace', 'Value': 'data-exporter'}, {'Key': 'kubernetes.io/created-for/pv/name', 'Value': 'pvc-55e440c5-9152-4002-9289-9b0d9fdf09b5'}, {'Key': 'ebs.csi.aws.com/cluster', 'Value': 'true'}, {'Key': 'kubernetes.io/cluster/eks-us-east-1', 'Value': 'owned'}, {'Key': 'KubernetesCluster', 'Value': 'eks-us-east-1'}, {'Key': 'kubernetes.io/created-for/pvc/name', 'Value': 'persistent-sending-queue-logs-collector-5'}, {'Key': 'Name', 'Value': 'eks-us-east-1-dynamic-pvc-55e440c5-9152-4002-9289-9b0d9fdf09b5'}, {'Key': 'CSIVolumeName', 'Value': 'pvc-55e440c5-9152-4002-9289-9b0d9fdf09b5'}]",$0.08,$0.96
700982990415,us-east-1,op-druid,datadir-op-druid-zk-v1-4,vol-07d22d0bb013474a5,2023-07-24 23:29:50.322000+00:00,10,gp2,100,"[{'Key': 'kubernetes.io/created-for/pvc/name', 'Value': 'datadir-op-druid-zk-v1-4'}, {'Key': 'CSIVolumeName', 'Value': 'pvc-4dbfe5a7-a067-4b3b-8187-6c63f48120e9'}, {'Key': 'ebs.csi.aws.com/cluster', 'Value': 'true'}, {'Key': 'KubernetesCluster', 'Value': 'eks-us-east-1'}, {'Key': 'kubernetes.io/cluster/eks-us-east-1', 'Value': 'owned'}, {'Key': 'kubernetes.io/created-for/pvc/namespace', 'Value': 'op-druid'}, {'Key': 'kubernetes.io/created-for/pv/name', 'Value': 'pvc-4dbfe5a7-a067-4b3b-8187-6c63f48120e9'}, {'Key': 'Name', 'Value': 'eks-us-east-1-dynamic-pvc-4dbfe5a7-a067-4b3b-8187-6c63f48120e9'}]",$0.80,$9.60
700982990415,us-east-1,data-exporter,persistent-sending-queue-metrics-internal-collector-5,vol-07ede2f268e015fd2,2023-09-26 00:18:47.923000+00:00,1,gp2,100,"[{'Key': 'kubernetes.io/created-for/pvc/namespace', 'Value': 'data-exporter'}, {'Key': 'kubernetes.io/created-for/pvc/name', 'Value': 'persistent-sending-queue-metrics-internal-collector-5'}, {'Key': 'kubernetes.io/created-for/pv/name', 'Value': 'pvc-19482a0a-7c0c-4e74-961c-c7b181afe794'}, {'Key': 'Name', 'Value': 'eks-us-east-1-dynamic-pvc-19482a0a-7c0c-4e74-961c-c7b181afe794'}, {'Key': 'CSIVolumeName', 'Value': 'pvc-19482a0a-7c0c-4e74-961c-c7b181afe794'}, {'Key': 'ebs.csi.aws.com/cluster', 'Value': 'true'}, {'Key': 'KubernetesCluster', 'Value': 'eks-us-east-1'}, {'Key': 'kubernetes.io/cluster/eks-us-east-1', 'Value': 'owned'}]",$0.08,$0.96
700982990415,us-east-1,design-center,projects-service-pv-wc-redis-template-claim-projects-service-7,vol-01dc765f9dca0c3fb,2020-10-06 16:11:20.231000+00:00,100,io1,500,"[{'Key': 'KubernetesCluster', 'Value': 'stable5-us-east-1'}, {'Key': 'Name', 'Value': 'kubernetes-dynamic-pvc-e5235fa7-d0f1-40bb-9b12-c041b569c6ac'}, {'Key': 'kubernetes.io/cluster/stable5-us-east-1', 'Value': 'owned'}, {'Key': 'kubernetes.io/created-for/pvc/name', 'Value': 'projects-service-pv-wc-redis-template-claim-projects-service-7'}, {'Key': 'kubernetes.io/created-for/pvc/namespace', 'Value': 'design-center'}, {'Key': 'kubernetes.io/created-for/pv/name', 'Value': 'pvc-e5235fa7-d0f1-40bb-9b12-c041b569c6ac'}]",$8.00,$96.00
700982990415,us-east-1,op-druid,datadir-op-druid-zk-v1-0,vol-0c6bad52bc686e9d2,2023-07-24 23:27:38.720000+00:00,10,gp2,100,"[{'Key': 'Name', 'Value': 'eks-us-east-1-dynamic-pvc-c183453e-a541-4634-a0bb-77b436cdc4b6'}, {'Key': 'kubernetes.io/created-for/pvc/name', 'Value': 'datadir-op-druid-zk-v1-0'}, {'Key': 'KubernetesCluster', 'Value': 'eks-us-east-1'}, {'Key': 'kubernetes.io/cluster/eks-us-east-1', 'Value': 'owned'}, {'Key': 'kubernetes.io/created-for/pv/name', 'Value': 'pvc-c183453e-a541-4634-a0bb-77b436cdc4b6'}, {'Key': 'CSIVolumeName', 'Value': 'pvc-c183453e-a541-4634-a0bb-77b436cdc4b6'}, {'Key': 'ebs.csi.aws.com/cluster', 'Value': 'true'}, {'Key': 'kubernetes.io/created-for/pvc/namespace', 'Value': 'op-druid'}]",$0.80,$9.60
700982990415,us-east-1,data-exporter,persistent-sending-queue-traces-collector-9,vol-01f72022d22c0492b,2024-02-01 20:29:46.026000+00:00,1,gp2,100,"[{'Key': 'KubernetesCluster', 'Value': 'eks-us-east-1'}, {'Key': 'ebs.csi.aws.com/cluster', 'Value': 'true'}, {'Key': 'kubernetes.io/created-for/pv/name', 'Value': 'pvc-da285453-459e-47cf-80ca-d02be8a8071e'}, {'Key': 'kubernetes.io/cluster/eks-us-east-1', 'Value': 'owned'}, {'Key': 'kubernetes.io/created-for/pvc/name', 'Value': 'persistent-sending-queue-traces-collector-9'}, {'Key': 'Name', 'Value': 'eks-us-east-1-dynamic-pvc-da285453-459e-47cf-80ca-d02be8a8071e'}, {'Key': 'kubernetes.io/created-for/pvc/namespace', 'Value': 'data-exporter'}, {'Key': 'CSIVolumeName', 'Value': 'pvc-da285453-459e-47cf-80ca-d02be8a8071e'}]",$0.08,$0.96
700982990415,us-east-1,data-exporter,persistent-sending-queue-traces-collector-3,vol-0e52fed8996397f64,2023-10-16 20:25:31.018000+00:00,1,gp2,100,"[{'Key': 'kubernetes.io/created-for/pv/name', 'Value': 'pvc-059e529f-35aa-4bcf-b0c3-f4492a14cc07'}, {'Key': 'kubernetes.io/created-for/pvc/namespace', 'Value': 'data-exporter'}, {'Key': 'kubernetes.io/created-for/pvc/name', 'Value': 'persistent-sending-queue-traces-collector-3'}, {'Key': 'KubernetesCluster', 'Value': 'eks-us-east-1'}, {'Key': 'Name', 'Value': 'eks-us-east-1-dynamic-pvc-059e529f-35aa-4bcf-b0c3-f4492a14cc07'}, {'Key': 'ebs.csi.aws.com/cluster', 'Value': 'true'}, {'Key': 'CSIVolumeName', 'Value': 'pvc-059e529f-35aa-4bcf-b0c3-f4492a14cc07'}, {'Key': 'kubernetes.io/cluster/eks-us-east-1', 'Value': 'owned'}]",$0.08,$0.96
700982990415,us-east-1,design-center,projects-service-pv-wc-redis-template-claim-projects-service-9,vol-068aeaae3ee2beca0,2020-10-06 16:15:16.459000+00:00,100,io1,500,"[{'Key': 'kubernetes.io/created-for/pvc/name', 'Value': 'projects-service-pv-wc-redis-template-claim-projects-service-9'}, {'Key': 'KubernetesCluster', 'Value': 'stable5-us-east-1'}, {'Key': 'kubernetes.io/created-for/pv/name', 'Value': 'pvc-c5e497a3-4b5e-49c0-8cc6-875969de0209'}, {'Key': 'Name', 'Value': 'kubernetes-dynamic-pvc-c5e497a3-4b5e-49c0-8cc6-875969de0209'}, {'Key': 'kubernetes.io/cluster/stable5-us-east-1', 'Value': 'owned'}, {'Key': 'kubernetes.io/created-for/pvc/namespace', 'Value': 'design-center'}]",$8.00,$96.00
700982990415,us-east-1,op-druid,var-op-druid-meters-0-data-8,vol-033a1051179651eb4,2023-10-05 23:56:33.318000+00:00,1024,io1,10240,"[{'Key': 'KubernetesCluster', 'Value': 'eks-us-east-1'}, {'Key': 'kubernetes.io/created-for/pv/name', 'Value': 'pvc-5ef58867-4dcc-44bd-baed-4919e74edd73'}, {'Key': 'kubernetes.io/created-for/pvc/name', 'Value': 'var-op-druid-meters-0-data-8'}, {'Key': 'kubernetes.io/cluster/eks-us-east-1', 'Value': 'owned'}, {'Key': 'Name', 'Value': 'eks-us-east-1-dynamic-pvc-5ef58867-4dcc-44bd-baed-4919e74edd73'}, {'Key': 'CSIVolumeName', 'Value': 'pvc-5ef58867-4dcc-44bd-baed-4919e74edd73'}, {'Key': 'kubernetes.io/created-for/pvc/namespace', 'Value': 'op-druid'}, {'Key': 'ebs.csi.aws.com/cluster', 'Value': 'true'}]",$81.92,$983.04
700982990415,us-east-1,op-druid,var-op-druid-meters-0-data-3,vol-071dae16ed2fe74b9,2023-10-05 23:56:32.944000+00:00,1024,io1,10240,"[{'Key': 'kubernetes.io/created-for/pv/name', 'Value': 'pvc-f6753474-7c78-48e1-a9aa-83fa6ca7fb91'}, {'Key': 'kubernetes.io/created-for/pvc/name', 'Value': 'var-op-druid-meters-0-data-3'}, {'Key': 'CSIVolumeName', 'Value': 'pvc-f6753474-7c78-48e1-a9aa-83fa6ca7fb91'}, {'Key': 'kubernetes.io/created-for/pvc/namespace', 'Value': 'op-druid'}, {'Key': 'Name', 'Value': 'eks-us-east-1-dynamic-pvc-f6753474-7c78-48e1-a9aa-83fa6ca7fb91'}, {'Key': 'ebs.csi.aws.com/cluster', 'Value': 'true'}, {'Key': 'KubernetesCluster', 'Value': 'eks-us-east-1'}, {'Key': 'kubernetes.io/cluster/eks-us-east-1', 'Value': 'owned'}]",$81.92,$983.04
700982990415,us-east-1,op-druid,tmp-op-druid-meters-0-data-1,vol-0c7813a606f1594d6,2023-10-05 23:56:32.785000+00:00,100,io1,1000,"[{'Key': 'Name', 'Value': 'eks-us-east-1-dynamic-pvc-138eae66-a9bb-41c2-8422-dfb17f9314e7'}, {'Key': 'kubernetes.io/created-for/pvc/name', 'Value': 'tmp-op-druid-meters-0-data-1'}, {'Key': 'KubernetesCluster', 'Value': 'eks-us-east-1'}, {'Key': 'kubernetes.io/cluster/eks-us-east-1', 'Value': 'owned'}, {'Key': 'ebs.csi.aws.com/cluster', 'Value': 'true'}, {'Key': 'kubernetes.io/created-for/pvc/namespace', 'Value': 'op-druid'}, {'Key': 'kubernetes.io/created-for/pv/name', 'Value': 'pvc-138eae66-a9bb-41c2-8422-dfb17f9314e7'}, {'Key': 'CSIVolumeName', 'Value': 'pvc-138eae66-a9bb-41c2-8422-dfb17f9314e7'}]",$8.00,$96.00
700982990415,us-east-1,op-druid,var-op-druid-metric-0-data-4,vol-0ef17a06f8d3ddc15,2023-10-05 23:57:56.990000+00:00,1024,io1,10240,"[{'Key': 'CSIVolumeName', 'Value': 'pvc-2f8c9222-9524-4863-b58f-b798222d06fe'}, {'Key': 'kubernetes.io/created-for/pvc/name', 'Value': 'var-op-druid-metric-0-data-4'}, {'Key': 'kubernetes.io/cluster/eks-us-east-1', 'Value': 'owned'}, {'Key': 'KubernetesCluster', 'Value': 'eks-us-east-1'}, {'Key': 'ebs.csi.aws.com/cluster', 'Value': 'true'}, {'Key': 'kubernetes.io/created-for/pvc/namespace', 'Value': 'op-druid'}, {'Key': 'Name', 'Value': 'eks-us-east-1-dynamic-pvc-2f8c9222-9524-4863-b58f-b798222d06fe'}, {'Key': 'kubernetes.io/created-for/pv/name', 'Value': 'pvc-2f8c9222-9524-4863-b58f-b798222d06fe'}]",$81.92,$983.04
700982990415,us-east-1,op-druid,tmp-op-druid-meters-1-data-1,vol-0bd7291313471edaf,2023-10-05 23:56:33.909000+00:00,100,io1,1000,"[{'Key': 'Name', 'Value': 'eks-us-east-1-dynamic-pvc-d1cfaa1a-ea29-4237-a9e8-007516a8f185'}, {'Key': 'kubernetes.io/cluster/eks-us-east-1', 'Value': 'owned'}, {'Key': 'kubernetes.io/created-for/pvc/name', 'Value': 'tmp-op-druid-meters-1-data-1'}, {'Key': 'CSIVolumeName', 'Value': 'pvc-d1cfaa1a-ea29-4237-a9e8-007516a8f185'}, {'Key': 'kubernetes.io/created-for/pv/name', 'Value': 'pvc-d1cfaa1a-ea29-4237-a9e8-007516a8f185'}, {'Key': 'KubernetesCluster', 'Value': 'eks-us-east-1'}, {'Key': 'ebs.csi.aws.com/cluster', 'Value': 'true'}, {'Key': 'kubernetes.io/created-for/pvc/namespace', 'Value': 'op-druid'}]",$8.00,$96.00
700982990415,us-east-1,op-druid,var-op-druid-meters-0-data-6,vol-0e26569cc33b938ab,2023-10-05 23:56:33.164000+00:00,1024,io1,10240,"[{'Key': 'KubernetesCluster', 'Value': 'eks-us-east-1'}, {'Key': 'kubernetes.io/created-for/pvc/name', 'Value': 'var-op-druid-meters-0-data-6'}, {'Key': 'ebs.csi.aws.com/cluster', 'Value': 'true'}, {'Key': 'Name', 'Value': 'eks-us-east-1-dynamic-pvc-71cfb230-64d0-4335-b19e-e55e180802c8'}, {'Key': 'kubernetes.io/cluster/eks-us-east-1', 'Value': 'owned'}, {'Key': 'CSIVolumeName', 'Value': 'pvc-71cfb230-64d0-4335-b19e-e55e180802c8'}, {'Key': 'kubernetes.io/created-for/pvc/namespace', 'Value': 'op-druid'}, {'Key': 'kubernetes.io/created-for/pv/name', 'Value': 'pvc-71cfb230-64d0-4335-b19e-e55e180802c8'}]",$81.92,$983.04
700982990415,us-east-1,op-druid,tmp-op-druid-metric-0-data-5,vol-061490e03e610379f,2023-10-05 23:57:57.120000+00:00,100,io1,1000,"[{'Key': 'ebs.csi.aws.com/cluster', 'Value': 'true'}, {'Key': 'CSIVolumeName', 'Value': 'pvc-9ef4074e-f723-4f94-9b9b-46d0bde0c176'}, {'Key': 'kubernetes.io/created-for/pvc/name', 'Value': 'tmp-op-druid-metric-0-data-5'}, {'Key': 'Name', 'Value': 'eks-us-east-1-dynamic-pvc-9ef4074e-f723-4f94-9b9b-46d0bde0c176'}, {'Key': 'kubernetes.io/created-for/pvc/namespace', 'Value': 'op-druid'}, {'Key': 'kubernetes.io/created-for/pv/name', 'Value': 'pvc-9ef4074e-f723-4f94-9b9b-46d0bde0c176'}, {'Key': 'KubernetesCluster', 'Value': 'eks-us-east-1'}, {'Key': 'kubernetes.io/cluster/eks-us-east-1', 'Value': 'owned'}]",$8.00,$96.00
700982990415,us-east-1,audit-log,deleter-pv-deleter-db-data-comparer-0,vol-0a1aceec4a881a7b7,2023-10-13 05:28:25.832000+00:00,10,io1,100,"[{'Key': 'KubernetesCluster', 'Value': 'eks-us-east-1'}, {'Key': 'ebs.csi.aws.com/cluster', 'Value': 'true'}, {'Key': 'kubernetes.io/cluster/eks-us-east-1', 'Value': 'owned'}, {'Key': 'kubernetes.io/created-for/pv/name', 'Value': 'pvc-4091aac4-bffe-4eae-b2b6-f2f08e023c49'}, {'Key': 'kubernetes.io/created-for/pvc/namespace', 'Value': 'audit-log'}, {'Key': 'Name', 'Value': 'eks-us-east-1-dynamic-pvc-4091aac4-bffe-4eae-b2b6-f2f08e023c49'}, {'Key': 'kubernetes.io/created-for/pvc/name', 'Value': 'deleter-pv-deleter-db-data-comparer-0'}, {'Key': 'CSIVolumeName', 'Value': 'pvc-4091aac4-bffe-4eae-b2b6-f2f08e023c49'}]",$0.80,$9.60
700982990415,us-east-1,data-exporter,persistent-sending-queue-metrics-internal-collector-0,vol-0e1c577142a5c23b7,2023-09-22 16:55:55.955000+00:00,1,gp2,100,"[{'Key': 'kubernetes.io/created-for/pv/name', 'Value': 'pvc-a1ba8035-65b9-4670-9b88-146029d14571'}, {'Key': 'ebs.csi.aws.com/cluster', 'Value': 'true'}, {'Key': 'CSIVolumeName', 'Value': 'pvc-a1ba8035-65b9-4670-9b88-146029d14571'}, {'Key': 'KubernetesCluster', 'Value': 'eks-us-east-1'}, {'Key': 'kubernetes.io/cluster/eks-us-east-1', 'Value': 'owned'}, {'Key': 'Name', 'Value': 'eks-us-east-1-dynamic-pvc-a1ba8035-65b9-4670-9b88-146029d14571'}, {'Key': 'kubernetes.io/created-for/pvc/name', 'Value': 'persistent-sending-queue-metrics-internal-collector-0'}, {'Key': 'kubernetes.io/created-for/pvc/namespace', 'Value': 'data-exporter'}]",$0.08,$0.96
700982990415,us-east-1,op-druid,var-op-druid-traces-0-data-1,vol-0a26a452bd37d6de5,2023-10-05 23:58:14.706000+00:00,1024,io1,10240,"[{'Key': 'ebs.csi.aws.com/cluster', 'Value': 'true'}, {'Key': 'KubernetesCluster', 'Value': 'eks-us-east-1'}, {'Key': 'Name', 'Value': 'eks-us-east-1-dynamic-pvc-5c8b535c-33c4-4011-a05f-8d416ce56218'}, {'Key': 'kubernetes.io/cluster/eks-us-east-1', 'Value': 'owned'}, {'Key': 'kubernetes.io/created-for/pvc/namespace', 'Value': 'op-druid'}, {'Key': 'kubernetes.io/created-for/pv/name', 'Value': 'pvc-5c8b535c-33c4-4011-a05f-8d416ce56218'}, {'Key': 'kubernetes.io/created-for/pvc/name', 'Value': 'var-op-druid-traces-0-data-1'}, {'Key': 'CSIVolumeName', 'Value': 'pvc-5c8b535c-33c4-4011-a05f-8d416ce56218'}]",$81.92,$983.04
700982990415,us-east-1,op-druid,tmp-op-druid-metric-0-data-9,vol-0177cf99f63db57e3,2023-10-05 23:57:57.690000+00:00,100,io1,1000,"[{'Key': 'ebs.csi.aws.com/cluster', 'Value': 'true'}, {'Key': 'kubernetes.io/created-for/pvc/name', 'Value': 'tmp-op-druid-metric-0-data-9'}, {'Key': 'Name', 'Value': 'eks-us-east-1-dynamic-pvc-7eba8149-cf74-4358-9ce6-d248920a5a30'}, {'Key': 'KubernetesCluster', 'Value': 'eks-us-east-1'}, {'Key': 'kubernetes.io/cluster/eks-us-east-1', 'Value': 'owned'}, {'Key': 'kubernetes.io/created-for/pvc/namespace', 'Value': 'op-druid'}, {'Key': 'CSIVolumeName', 'Value': 'pvc-7eba8149-cf74-4358-9ce6-d248920a5a30'}, {'Key': 'kubernetes.io/created-for/pv/name', 'Value': 'pvc-7eba8149-cf74-4358-9ce6-d248920a5a30'}]",$8.00,$96.00
700982990415,us-east-1,op-druid,tmp-op-druid-traces-0-data-1,vol-0bdb791d8700b4bc6,2023-10-05 23:58:14.664000+00:00,100,io1,1000,"[{'Key': 'CSIVolumeName', 'Value': 'pvc-6a858a84-6339-4bce-85ca-85da88e7c60b'}, {'Key': 'ebs.csi.aws.com/cluster', 'Value': 'true'}, {'Key': 'kubernetes.io/created-for/pv/name', 'Value': 'pvc-6a858a84-6339-4bce-85ca-85da88e7c60b'}, {'Key': 'KubernetesCluster', 'Value': 'eks-us-east-1'}, {'Key': 'kubernetes.io/cluster/eks-us-east-1', 'Value': 'owned'}, {'Key': 'kubernetes.io/created-for/pvc/name', 'Value': 'tmp-op-druid-traces-0-data-1'}, {'Key': 'kubernetes.io/created-for/pvc/namespace', 'Value': 'op-druid'}, {'Key': 'Name', 'Value': 'eks-us-east-1-dynamic-pvc-6a858a84-6339-4bce-85ca-85da88e7c60b'}]",$8.00,$96.00
700982990415,us-east-1,N/A,N/A,vol-029feef5ad5b1e943,2019-08-15 04:38:31.777000+00:00,8,gp2,100,[],$0.64,$7.68
700982990415,us-east-1,data-exporter,persistent-sending-queue-traces-collector-8,vol-06956b34289921097,2024-02-01 20:28:30.922000+00:00,1,gp2,100,"[{'Key': 'kubernetes.io/created-for/pvc/name', 'Value': 'persistent-sending-queue-traces-collector-8'}, {'Key': 'KubernetesCluster', 'Value': 'eks-us-east-1'}, {'Key': 'ebs.csi.aws.com/cluster', 'Value': 'true'}, {'Key': 'kubernetes.io/created-for/pv/name', 'Value': 'pvc-5f3fa6f5-a9b7-46be-bc21-c1f4524be829'}, {'Key': 'kubernetes.io/created-for/pvc/namespace', 'Value': 'data-exporter'}, {'Key': 'CSIVolumeName', 'Value': 'pvc-5f3fa6f5-a9b7-46be-bc21-c1f4524be829'}, {'Key': 'kubernetes.io/cluster/eks-us-east-1', 'Value': 'owned'}, {'Key': 'Name', 'Value': 'eks-us-east-1-dynamic-pvc-5f3fa6f5-a9b7-46be-bc21-c1f4524be829'}]",$0.08,$0.96
700982990415,us-east-1,op-druid,var-op-druid-meters-1-data-1,vol-06d4ac8b78b568a09,2023-10-05 23:56:33.923000+00:00,1024,io1,10240,"[{'Key': 'kubernetes.io/cluster/eks-us-east-1', 'Value': 'owned'}, {'Key': 'CSIVolumeName', 'Value': 'pvc-e8aadd91-b28a-4774-ad75-68e6d0492df7'}, {'Key': 'kubernetes.io/created-for/pvc/name', 'Value': 'var-op-druid-meters-1-data-1'}, {'Key': 'KubernetesCluster', 'Value': 'eks-us-east-1'}, {'Key': 'Name', 'Value': 'eks-us-east-1-dynamic-pvc-e8aadd91-b28a-4774-ad75-68e6d0492df7'}, {'Key': 'ebs.csi.aws.com/cluster', 'Value': 'true'}, {'Key': 'kubernetes.io/created-for/pv/name', 'Value': 'pvc-e8aadd91-b28a-4774-ad75-68e6d0492df7'}, {'Key': 'kubernetes.io/created-for/pvc/namespace', 'Value': 'op-druid'}]",$81.92,$983.04
700982990415,us-east-1,op-druid,tmp-op-druid-meters-1-data-0,vol-09254a836c2111944,2023-10-05 23:56:33.795000+00:00,100,io1,1000,"[{'Key': 'Name', 'Value': 'eks-us-east-1-dynamic-pvc-2439065e-eb77-449a-b6ab-446f4102d059'}, {'Key': 'kubernetes.io/cluster/eks-us-east-1', 'Value': 'owned'}, {'Key': 'KubernetesCluster', 'Value': 'eks-us-east-1'}, {'Key': 'kubernetes.io/created-for/pvc/name', 'Value': 'tmp-op-druid-meters-1-data-0'}, {'Key': 'CSIVolumeName', 'Value': 'pvc-2439065e-eb77-449a-b6ab-446f4102d059'}, {'Key': 'kubernetes.io/created-for/pv/name', 'Value': 'pvc-2439065e-eb77-449a-b6ab-446f4102d059'}, {'Key': 'ebs.csi.aws.com/cluster', 'Value': 'true'}, {'Key': 'kubernetes.io/created-for/pvc/namespace', 'Value': 'op-druid'}]",$8.00,$96.00
700982990415,us-east-1,data-exporter,persistent-sending-queue-traces-collector-11,vol-06de299b29611e6f2,2024-02-01 20:33:15.822000+00:00,1,gp2,100,"[{'Key': 'kubernetes.io/created-for/pvc/namespace', 'Value': 'data-exporter'}, {'Key': 'CSIVolumeName', 'Value': 'pvc-ed5e209f-bbe0-4f57-8345-30cf73bfaa8b'}, {'Key': 'Name', 'Value': 'eks-us-east-1-dynamic-pvc-ed5e209f-bbe0-4f57-8345-30cf73bfaa8b'}, {'Key': 'ebs.csi.aws.com/cluster', 'Value': 'true'}, {'Key': 'kubernetes.io/created-for/pvc/name', 'Value': 'persistent-sending-queue-traces-collector-11'}, {'Key': 'KubernetesCluster', 'Value': 'eks-us-east-1'}, {'Key': 'kubernetes.io/created-for/pv/name', 'Value': 'pvc-ed5e209f-bbe0-4f57-8345-30cf73bfaa8b'}, {'Key': 'kubernetes.io/cluster/eks-us-east-1', 'Value': 'owned'}]",$0.08,$0.96
700982990415,us-east-1,op-druid,tmp-op-druid-meters-0-data-4,vol-03fb7ab022eef3c38,2023-10-05 23:56:33.144000+00:00,100,io1,1000,"[{'Key': 'KubernetesCluster', 'Value': 'eks-us-east-1'}, {'Key': 'ebs.csi.aws.com/cluster', 'Value': 'true'}, {'Key': 'Name', 'Value': 'eks-us-east-1-dynamic-pvc-1aa6856f-b80d-4229-a758-4d0c0fe81e03'}, {'Key': 'CSIVolumeName', 'Value': 'pvc-1aa6856f-b80d-4229-a758-4d0c0fe81e03'}, {'Key': 'kubernetes.io/cluster/eks-us-east-1', 'Value': 'owned'}, {'Key': 'kubernetes.io/created-for/pvc/name', 'Value': 'tmp-op-druid-meters-0-data-4'}, {'Key': 'kubernetes.io/created-for/pvc/namespace', 'Value': 'op-druid'}, {'Key': 'kubernetes.io/created-for/pv/name', 'Value': 'pvc-1aa6856f-b80d-4229-a758-4d0c0fe81e03'}]",$8.00,$96.00
700982990415,us-east-1,data-exporter,persistent-sending-queue-metrics-internal-collector-1,vol-0ccfdb34cb965ed06,2023-09-26 00:18:47.714000+00:00,1,gp2,100,"[{'Key': 'kubernetes.io/cluster/eks-us-east-1', 'Value': 'owned'}, {'Key': 'Name', 'Value': 'eks-us-east-1-dynamic-pvc-c46f5b8d-528d-4abc-bc0e-80ea12b5fb43'}, {'Key': 'kubernetes.io/created-for/pvc/namespace', 'Value': 'data-exporter'}, {'Key': 'kubernetes.io/created-for/pv/name', 'Value': 'pvc-c46f5b8d-528d-4abc-bc0e-80ea12b5fb43'}, {'Key': 'CSIVolumeName', 'Value': 'pvc-c46f5b8d-528d-4abc-bc0e-80ea12b5fb43'}, {'Key': 'kubernetes.io/created-for/pvc/name', 'Value': 'persistent-sending-queue-metrics-internal-collector-1'}, {'Key': 'ebs.csi.aws.com/cluster', 'Value': 'true'}, {'Key': 'KubernetesCluster', 'Value': 'eks-us-east-1'}]",$0.08,$0.96
700982990415,us-east-1,N/A,N/A,vol-03c422df6923ba513,2019-11-12 17:23:19.327000+00:00,8,gp2,100,[],$0.64,$7.68
700982990415,us-east-1,op-druid,var-op-druid-metric-0-data-8,vol-04df87a904bbd3fb8,2023-10-05 23:57:57.270000+00:00,1024,io1,10240,"[{'Key': 'kubernetes.io/cluster/eks-us-east-1', 'Value': 'owned'}, {'Key': 'Name', 'Value': 'eks-us-east-1-dynamic-pvc-e690c726-c6b1-48d9-877c-16d4e9e60966'}, {'Key': 'kubernetes.io/created-for/pvc/namespace', 'Value': 'op-druid'}, {'Key': 'ebs.csi.aws.com/cluster', 'Value': 'true'}, {'Key': 'CSIVolumeName', 'Value': 'pvc-e690c726-c6b1-48d9-877c-16d4e9e60966'}, {'Key': 'KubernetesCluster', 'Value': 'eks-us-east-1'}, {'Key': 'kubernetes.io/created-for/pv/name', 'Value': 'pvc-e690c726-c6b1-48d9-877c-16d4e9e60966'}, {'Key': 'kubernetes.io/created-for/pvc/name', 'Value': 'var-op-druid-metric-0-data-8'}]",$81.92,$983.04
700982990415,us-east-1,op-druid,var-op-druid-metric-0-data-0,vol-0d71681ed5b03ce33,2023-10-05 23:57:56.778000+00:00,1024,io1,10240,"[{'Key': 'kubernetes.io/created-for/pv/name', 'Value': 'pvc-992e2c62-4341-4575-911f-5512e6d2c260'}, {'Key': 'KubernetesCluster', 'Value': 'eks-us-east-1'}, {'Key': 'Name', 'Value': 'eks-us-east-1-dynamic-pvc-992e2c62-4341-4575-911f-5512e6d2c260'}, {'Key': 'ebs.csi.aws.com/cluster', 'Value': 'true'}, {'Key': 'kubernetes.io/created-for/pvc/name', 'Value': 'var-op-druid-metric-0-data-0'}, {'Key': 'kubernetes.io/created-for/pvc/namespace', 'Value': 'op-druid'}, {'Key': 'kubernetes.io/cluster/eks-us-east-1', 'Value': 'owned'}, {'Key': 'CSIVolumeName', 'Value': 'pvc-992e2c62-4341-4575-911f-5512e6d2c260'}]",$81.92,$983.04
700982990415,us-east-1,design-center,projects-service-pv-wc-redis-template-claim-projects-service-8,vol-09e85133ea63b33c4,2020-11-17 20:07:16.799000+00:00,100,io1,500,"[{'Key': 'kubernetes.io/cluster/stable5-us-east-1', 'Value': 'owned'}, {'Key': 'Name', 'Value': 'kubernetes-dynamic-pvc-60c94f7b-93c5-4b84-9a13-cbfd76fa5ffe'}, {'Key': 'kubernetes.io/created-for/pvc/name', 'Value': 'projects-service-pv-wc-redis-template-claim-projects-service-8'}, {'Key': 'kubernetes.io/created-for/pvc/namespace', 'Value': 'design-center'}, {'Key': 'KubernetesCluster', 'Value': 'stable5-us-east-1'}, {'Key': 'kubernetes.io/created-for/pv/name', 'Value': 'pvc-60c94f7b-93c5-4b84-9a13-cbfd76fa5ffe'}]",$8.00,$96.00
700982990415,us-east-1,op-druid,tmp-op-druid-metric-0-data-3,vol-0d48878a69f54df8c,2023-10-05 23:57:57.132000+00:00,100,io1,1000,"[{'Key': 'kubernetes.io/created-for/pv/name', 'Value': 'pvc-40c1bfd4-c2e7-4689-bfa4-6e05ca842194'}, {'Key': 'CSIVolumeName', 'Value': 'pvc-40c1bfd4-c2e7-4689-bfa4-6e05ca842194'}, {'Key': 'ebs.csi.aws.com/cluster', 'Value': 'true'}, {'Key': 'KubernetesCluster', 'Value': 'eks-us-east-1'}, {'Key': 'kubernetes.io/cluster/eks-us-east-1', 'Value': 'owned'}, {'Key': 'Name', 'Value': 'eks-us-east-1-dynamic-pvc-40c1bfd4-c2e7-4689-bfa4-6e05ca842194'}, {'Key': 'kubernetes.io/created-for/pvc/namespace', 'Value': 'op-druid'}, {'Key': 'kubernetes.io/created-for/pvc/name', 'Value': 'tmp-op-druid-metric-0-data-3'}]",$8.00,$96.00
700982990415,us-east-1,op-druid,var-op-druid-metric-0-data-3,vol-09cff2fd1e4501fd6,2023-10-05 23:57:57.306000+00:00,1024,io1,10240,"[{'Key': 'kubernetes.io/created-for/pvc/namespace', 'Value': 'op-druid'}, {'Key': 'kubernetes.io/created-for/pv/name', 'Value': 'pvc-a6f03cc5-3ebe-46d8-91f9-65311495bc90'}, {'Key': 'kubernetes.io/created-for/pvc/name', 'Value': 'var-op-druid-metric-0-data-3'}, {'Key': 'ebs.csi.aws.com/cluster', 'Value': 'true'}, {'Key': 'KubernetesCluster', 'Value': 'eks-us-east-1'}, {'Key': 'Name', 'Value': 'eks-us-east-1-dynamic-pvc-a6f03cc5-3ebe-46d8-91f9-65311495bc90'}, {'Key': 'CSIVolumeName', 'Value': 'pvc-a6f03cc5-3ebe-46d8-91f9-65311495bc90'}, {'Key': 'kubernetes.io/cluster/eks-us-east-1', 'Value': 'owned'}]",$81.92,$983.04
700982990415,us-east-1,design-center,projects-service-pv-wc-redis-template-claim-projects-service-4,vol-0b7a846aded15f222,2020-10-06 16:06:32.056000+00:00,100,io1,500,"[{'Key': 'kubernetes.io/created-for/pvc/namespace', 'Value': 'design-center'}, {'Key': 'Name', 'Value': 'kubernetes-dynamic-pvc-800a24b1-4553-46a9-bbbc-f4216d5d044c'}, {'Key': 'kubernetes.io/cluster/stable5-us-east-1', 'Value': 'owned'}, {'Key': 'KubernetesCluster', 'Value': 'stable5-us-east-1'}, {'Key': 'kubernetes.io/created-for/pv/name', 'Value': 'pvc-800a24b1-4553-46a9-bbbc-f4216d5d044c'}, {'Key': 'kubernetes.io/created-for/pvc/name', 'Value': 'projects-service-pv-wc-redis-template-claim-projects-service-4'}]",$8.00,$96.00
700982990415,us-east-1,N/A,N/A,vol-02f3a78d92ff9441c,2020-11-23 22:21:53.416000+00:00,100,gp2,300,"[{'Key': 'test', 'Value': 'test'}]",$8.00,$96.00
700982990415,us-east-1,op-druid,var-op-druid-meters-0-data-9,vol-0953bff5830712dd1,2023-10-05 23:56:33.375000+00:00,1024,io1,10240,"[{'Key': 'kubernetes.io/cluster/eks-us-east-1', 'Value': 'owned'}, {'Key': 'CSIVolumeName', 'Value': 'pvc-2555d759-ab18-4d44-a16e-fd1979771c3b'}, {'Key': 'kubernetes.io/created-for/pv/name', 'Value': 'pvc-2555d759-ab18-4d44-a16e-fd1979771c3b'}, {'Key': 'kubernetes.io/created-for/pvc/namespace', 'Value': 'op-druid'}, {'Key': 'ebs.csi.aws.com/cluster', 'Value': 'true'}, {'Key': 'KubernetesCluster', 'Value': 'eks-us-east-1'}, {'Key': 'Name', 'Value': 'eks-us-east-1-dynamic-pvc-2555d759-ab18-4d44-a16e-fd1979771c3b'}, {'Key': 'kubernetes.io/created-for/pvc/name', 'Value': 'var-op-druid-meters-0-data-9'}]",$81.92,$983.04
700982990415,us-east-1,data-exporter,persistent-sending-queue-traces-collector-1,vol-081874768ef7f294d,2023-10-16 20:25:30.892000+00:00,1,gp2,100,"[{'Key': 'kubernetes.io/cluster/eks-us-east-1', 'Value': 'owned'}, {'Key': 'kubernetes.io/created-for/pvc/name', 'Value': 'persistent-sending-queue-traces-collector-1'}, {'Key': 'kubernetes.io/created-for/pv/name', 'Value': 'pvc-6ffb12e1-57d8-459d-b43d-df1bb4136ac7'}, {'Key': 'kubernetes.io/created-for/pvc/namespace', 'Value': 'data-exporter'}, {'Key': 'Name', 'Value': 'eks-us-east-1-dynamic-pvc-6ffb12e1-57d8-459d-b43d-df1bb4136ac7'}, {'Key': 'KubernetesCluster', 'Value': 'eks-us-east-1'}, {'Key': 'ebs.csi.aws.com/cluster', 'Value': 'true'}, {'Key': 'CSIVolumeName', 'Value': 'pvc-6ffb12e1-57d8-459d-b43d-df1bb4136ac7'}]",$0.08,$0.96
700982990415,us-east-1,data-exporter,persistent-sending-queue-metrics-internal-collector-4,vol-0fa60fd096636b79b,2023-09-26 00:18:47.898000+00:00,1,gp2,100,"[{'Key': 'kubernetes.io/created-for/pv/name', 'Value': 'pvc-ee9f4fe9-1cc1-4f41-b4d8-3d4f8f548b57'}, {'Key': 'Name', 'Value': 'eks-us-east-1-dynamic-pvc-ee9f4fe9-1cc1-4f41-b4d8-3d4f8f548b57'}, {'Key': 'ebs.csi.aws.com/cluster', 'Value': 'true'}, {'Key': 'kubernetes.io/cluster/eks-us-east-1', 'Value': 'owned'}, {'Key': 'KubernetesCluster', 'Value': 'eks-us-east-1'}, {'Key': 'CSIVolumeName', 'Value': 'pvc-ee9f4fe9-1cc1-4f41-b4d8-3d4f8f548b57'}, {'Key': 'kubernetes.io/created-for/pvc/namespace', 'Value': 'data-exporter'}, {'Key': 'kubernetes.io/created-for/pvc/name', 'Value': 'persistent-sending-queue-metrics-internal-collector-4'}]",$0.08,$0.96
700982990415,us-east-1,design-center,projects-service-pv-wc-redis-template-claim-projects-service-2,vol-050b8491f272e0c52,2020-10-06 16:03:20.033000+00:00,100,io1,500,"[{'Key': 'kubernetes.io/created-for/pvc/namespace', 'Value': 'design-center'}, {'Key': 'KubernetesCluster', 'Value': 'stable5-us-east-1'}, {'Key': 'kubernetes.io/created-for/pv/name', 'Value': 'pvc-0af16dd0-8820-4c17-9db2-39dd1c959cf3'}, {'Key': 'Name', 'Value': 'kubernetes-dynamic-pvc-0af16dd0-8820-4c17-9db2-39dd1c959cf3'}, {'Key': 'kubernetes.io/created-for/pvc/name', 'Value': 'projects-service-pv-wc-redis-template-claim-projects-service-2'}, {'Key': 'kubernetes.io/cluster/stable5-us-east-1', 'Value': 'owned'}]",$8.00,$96.00
700982990415,us-east-1,op-druid,var-op-druid-meters-0-data-0,vol-03429b57e75519106,2023-10-05 23:56:32.693000+00:00,1024,io1,10240,"[{'Key': 'kubernetes.io/created-for/pvc/name', 'Value': 'var-op-druid-meters-0-data-0'}, {'Key': 'kubernetes.io/created-for/pvc/namespace', 'Value': 'op-druid'}, {'Key': 'kubernetes.io/cluster/eks-us-east-1', 'Value': 'owned'}, {'Key': 'CSIVolumeName', 'Value': 'pvc-0b509066-b570-4cae-87ac-57b7f0617f25'}, {'Key': 'Name', 'Value': 'eks-us-east-1-dynamic-pvc-0b509066-b570-4cae-87ac-57b7f0617f25'}, {'Key': 'ebs.csi.aws.com/cluster', 'Value': 'true'}, {'Key': 'KubernetesCluster', 'Value': 'eks-us-east-1'}, {'Key': 'kubernetes.io/created-for/pv/name', 'Value': 'pvc-0b509066-b570-4cae-87ac-57b7f0617f25'}]",$81.92,$983.04
700982990415,us-east-1,op-druid,tmp-op-druid-metric-0-data-6,vol-0aac4812f827577d0,2023-10-05 23:57:57.083000+00:00,100,io1,1000,"[{'Key': 'kubernetes.io/created-for/pvc/namespace', 'Value': 'op-druid'}, {'Key': 'Name', 'Value': 'eks-us-east-1-dynamic-pvc-4b6d93fe-2c3d-47ae-bbd7-8bef05e3f2e0'}, {'Key': 'kubernetes.io/created-for/pv/name', 'Value': 'pvc-4b6d93fe-2c3d-47ae-bbd7-8bef05e3f2e0'}, {'Key': 'kubernetes.io/created-for/pvc/name', 'Value': 'tmp-op-druid-metric-0-data-6'}, {'Key': 'kubernetes.io/cluster/eks-us-east-1', 'Value': 'owned'}, {'Key': 'KubernetesCluster', 'Value': 'eks-us-east-1'}, {'Key': 'ebs.csi.aws.com/cluster', 'Value': 'true'}, {'Key': 'CSIVolumeName', 'Value': 'pvc-4b6d93fe-2c3d-47ae-bbd7-8bef05e3f2e0'}]",$8.00,$96.00
700982990415,us-east-1,design-center,projects-service-pv-wc-redis-template-claim-projects-service-1,vol-00501e01c75859cce,2020-10-06 16:01:33.317000+00:00,100,io1,500,"[{'Key': 'kubernetes.io/created-for/pvc/namespace', 'Value': 'design-center'}, {'Key': 'KubernetesCluster', 'Value': 'stable5-us-east-1'}, {'Key': 'kubernetes.io/created-for/pv/name', 'Value': 'pvc-2383d5cb-2a9d-49de-8b91-51a25c0a6e88'}, {'Key': 'kubernetes.io/cluster/stable5-us-east-1', 'Value': 'owned'}, {'Key': 'Name', 'Value': 'kubernetes-dynamic-pvc-2383d5cb-2a9d-49de-8b91-51a25c0a6e88'}, {'Key': 'kubernetes.io/created-for/pvc/name', 'Value': 'projects-service-pv-wc-redis-template-claim-projects-service-1'}]",$8.00,$96.00
700982990415,us-east-1,N/A,N/A,vol-017184d15dd4689a4,2019-06-12 22:05:57.104000+00:00,8,gp2,100,[],$0.64,$7.68
700982990415,us-east-1,op-druid,datalogdir-op-druid-zk-v1-4,vol-00e70be88c0fbdab1,2023-07-24 23:29:50.313000+00:00,10,gp2,100,"[{'Key': 'kubernetes.io/created-for/pvc/namespace', 'Value': 'op-druid'}, {'Key': 'Name', 'Value': 'eks-us-east-1-dynamic-pvc-8481e719-e88c-4ba3-86cc-d1b2e6b3582a'}, {'Key': 'CSIVolumeName', 'Value': 'pvc-8481e719-e88c-4ba3-86cc-d1b2e6b3582a'}, {'Key': 'kubernetes.io/created-for/pvc/name', 'Value': 'datalogdir-op-druid-zk-v1-4'}, {'Key': 'KubernetesCluster', 'Value': 'eks-us-east-1'}, {'Key': 'kubernetes.io/cluster/eks-us-east-1', 'Value': 'owned'}, {'Key': 'ebs.csi.aws.com/cluster', 'Value': 'true'}, {'Key': 'kubernetes.io/created-for/pv/name', 'Value': 'pvc-8481e719-e88c-4ba3-86cc-d1b2e6b3582a'}]",$0.80,$9.60
700982990415,us-east-1,op-druid,datalogdir-op-druid-zk-v1-2,vol-0a9f92a7c38c154bc,2023-07-24 23:28:40.528000+00:00,10,gp2,100,"[{'Key': 'CSIVolumeName', 'Value': 'pvc-6bee7124-86af-4eba-8103-62cb3ffd2af2'}, {'Key': 'kubernetes.io/created-for/pvc/namespace', 'Value': 'op-druid'}, {'Key': 'kubernetes.io/cluster/eks-us-east-1', 'Value': 'owned'}, {'Key': 'kubernetes.io/created-for/pv/name', 'Value': 'pvc-6bee7124-86af-4eba-8103-62cb3ffd2af2'}, {'Key': 'KubernetesCluster', 'Value': 'eks-us-east-1'}, {'Key': 'Name', 'Value': 'eks-us-east-1-dynamic-pvc-6bee7124-86af-4eba-8103-62cb3ffd2af2'}, {'Key': 'ebs.csi.aws.com/cluster', 'Value': 'true'}, {'Key': 'kubernetes.io/created-for/pvc/name', 'Value': 'datalogdir-op-druid-zk-v1-2'}]",$0.80,$9.60
700982990415,us-east-1,data-exporter,persistent-sending-queue-logs-collector-0,vol-0e143733b79d49fe9,2023-11-17 22:04:53.101000+00:00,1,gp2,100,"[{'Key': 'kubernetes.io/created-for/pvc/name', 'Value': 'persistent-sending-queue-logs-collector-0'}, {'Key': 'KubernetesCluster', 'Value': 'eks-us-east-1'}, {'Key': 'ebs.csi.aws.com/cluster', 'Value': 'true'}, {'Key': 'Name', 'Value': 'eks-us-east-1-dynamic-pvc-378d0b9d-c052-42c7-b13f-c22754ce706c'}, {'Key': 'CSIVolumeName', 'Value': 'pvc-378d0b9d-c052-42c7-b13f-c22754ce706c'}, {'Key': 'kubernetes.io/created-for/pvc/namespace', 'Value': 'data-exporter'}, {'Key': 'kubernetes.io/cluster/eks-us-east-1', 'Value': 'owned'}, {'Key': 'kubernetes.io/created-for/pv/name', 'Value': 'pvc-378d0b9d-c052-42c7-b13f-c22754ce706c'}]",$0.08,$0.96
700982990415,us-east-1,data-exporter,persistent-sending-queue-traces-collector-10,vol-07438a7e89bec1265,2024-02-01 20:29:46.061000+00:00,1,gp2,100,"[{'Key': 'kubernetes.io/created-for/pvc/namespace', 'Value': 'data-exporter'}, {'Key': 'Name', 'Value': 'eks-us-east-1-dynamic-pvc-8e9e32f8-fa9a-46f5-92ab-d642759e0c76'}, {'Key': 'kubernetes.io/cluster/eks-us-east-1', 'Value': 'owned'}, {'Key': 'CSIVolumeName', 'Value': 'pvc-8e9e32f8-fa9a-46f5-92ab-d642759e0c76'}, {'Key': 'kubernetes.io/created-for/pvc/name', 'Value': 'persistent-sending-queue-traces-collector-10'}, {'Key': 'KubernetesCluster', 'Value': 'eks-us-east-1'}, {'Key': 'ebs.csi.aws.com/cluster', 'Value': 'true'}, {'Key': 'kubernetes.io/created-for/pv/name', 'Value': 'pvc-8e9e32f8-fa9a-46f5-92ab-d642759e0c76'}]",$0.08,$0.96
700982990415,us-east-1,data-exporter,persistent-sending-queue-logs-collector-3,vol-059f156880b4ca0f5,2023-11-17 22:04:53.262000+00:00,1,gp2,100,"[{'Key': 'CSIVolumeName', 'Value': 'pvc-cf1fe5aa-bd66-448a-884d-2785bb6d58b5'}, {'Key': 'kubernetes.io/created-for/pvc/namespace', 'Value': 'data-exporter'}, {'Key': 'Name', 'Value': 'eks-us-east-1-dynamic-pvc-cf1fe5aa-bd66-448a-884d-2785bb6d58b5'}, {'Key': 'kubernetes.io/created-for/pvc/name', 'Value': 'persistent-sending-queue-logs-collector-3'}, {'Key': 'ebs.csi.aws.com/cluster', 'Value': 'true'}, {'Key': 'kubernetes.io/cluster/eks-us-east-1', 'Value': 'owned'}, {'Key': 'KubernetesCluster', 'Value': 'eks-us-east-1'}, {'Key': 'kubernetes.io/created-for/pv/name', 'Value': 'pvc-cf1fe5aa-bd66-448a-884d-2785bb6d58b5'}]",$0.08,$0.96
700982990415,us-east-1,design-center,projects-service-pv-wc-redis-template-claim-projects-service-0,vol-05d016f7623be0545,2020-10-06 15:59:53.326000+00:00,100,io1,500,"[{'Key': 'Name', 'Value': 'kubernetes-dynamic-pvc-7bb1d12e-b37a-4a4e-8c85-a181f161295e'}, {'Key': 'kubernetes.io/cluster/stable5-us-east-1', 'Value': 'owned'}, {'Key': 'kubernetes.io/created-for/pvc/name', 'Value': 'projects-service-pv-wc-redis-template-claim-projects-service-0'}, {'Key': 'kubernetes.io/created-for/pvc/namespace', 'Value': 'design-center'}, {'Key': 'kubernetes.io/created-for/pv/name', 'Value': 'pvc-7bb1d12e-b37a-4a4e-8c85-a181f161295e'}, {'Key': 'KubernetesCluster', 'Value': 'stable5-us-east-1'}]",$8.00,$96.00
700982990415,us-east-1,data-exporter,persistent-sending-queue-logs-collector-4,vol-0d7c64683edae223e,2023-11-17 22:04:53.330000+00:00,1,gp2,100,"[{'Key': 'kubernetes.io/created-for/pv/name', 'Value': 'pvc-f4a2293f-58a1-4bd9-ada7-416bc0e0e4fa'}, {'Key': 'kubernetes.io/cluster/eks-us-east-1', 'Value': 'owned'}, {'Key': 'ebs.csi.aws.com/cluster', 'Value': 'true'}, {'Key': 'KubernetesCluster', 'Value': 'eks-us-east-1'}, {'Key': 'Name', 'Value': 'eks-us-east-1-dynamic-pvc-f4a2293f-58a1-4bd9-ada7-416bc0e0e4fa'}, {'Key': 'kubernetes.io/created-for/pvc/name', 'Value': 'persistent-sending-queue-logs-collector-4'}, {'Key': 'CSIVolumeName', 'Value': 'pvc-f4a2293f-58a1-4bd9-ada7-416bc0e0e4fa'}, {'Key': 'kubernetes.io/created-for/pvc/namespace', 'Value': 'data-exporter'}]",$0.08,$0.96
700982990415,us-east-1,op-druid,tmp-op-druid-meters-0-data-9,vol-02c20f062b8835020,2023-10-05 23:56:33.370000+00:00,100,io1,1000,"[{'Key': 'KubernetesCluster', 'Value': 'eks-us-east-1'}, {'Key': 'kubernetes.io/cluster/eks-us-east-1', 'Value': 'owned'}, {'Key': 'kubernetes.io/created-for/pvc/name', 'Value': 'tmp-op-druid-meters-0-data-9'}, {'Key': 'ebs.csi.aws.com/cluster', 'Value': 'true'}, {'Key': 'kubernetes.io/created-for/pv/name', 'Value': 'pvc-ebf1ec69-6235-4003-8b63-e36c5566007a'}, {'Key': 'kubernetes.io/created-for/pvc/namespace', 'Value': 'op-druid'}, {'Key': 'Name', 'Value': 'eks-us-east-1-dynamic-pvc-ebf1ec69-6235-4003-8b63-e36c5566007a'}, {'Key': 'CSIVolumeName', 'Value': 'pvc-ebf1ec69-6235-4003-8b63-e36c5566007a'}]",$8.00,$96.00
700982990415,us-east-1,data-exporter,persistent-sending-queue-metrics-internal-collector-3,vol-00d6a94ff2020d394,2023-09-26 00:18:47.942000+00:00,1,gp2,100,"[{'Key': 'KubernetesCluster', 'Value': 'eks-us-east-1'}, {'Key': 'kubernetes.io/created-for/pv/name', 'Value': 'pvc-65b7d5a9-50da-452b-b6e3-d9879bfc5532'}, {'Key': 'CSIVolumeName', 'Value': 'pvc-65b7d5a9-50da-452b-b6e3-d9879bfc5532'}, {'Key': 'Name', 'Value': 'eks-us-east-1-dynamic-pvc-65b7d5a9-50da-452b-b6e3-d9879bfc5532'}, {'Key': 'ebs.csi.aws.com/cluster', 'Value': 'true'}, {'Key': 'kubernetes.io/cluster/eks-us-east-1', 'Value': 'owned'}, {'Key': 'kubernetes.io/created-for/pvc/namespace', 'Value': 'data-exporter'}, {'Key': 'kubernetes.io/created-for/pvc/name', 'Value': 'persistent-sending-queue-metrics-internal-collector-3'}]",$0.08,$0.96
700982990415,us-east-1,op-druid,datadir-op-druid-zk-v1-3,vol-0edb183deb193a542,2023-07-24 23:29:15.957000+00:00,10,gp2,100,"[{'Key': 'ebs.csi.aws.com/cluster', 'Value': 'true'}, {'Key': 'kubernetes.io/created-for/pvc/name', 'Value': 'datadir-op-druid-zk-v1-3'}, {'Key': 'Name', 'Value': 'eks-us-east-1-dynamic-pvc-b41982e3-3a7f-451b-8bc2-78de2c4d4cfa'}, {'Key': 'kubernetes.io/cluster/eks-us-east-1', 'Value': 'owned'}, {'Key': 'KubernetesCluster', 'Value': 'eks-us-east-1'}, {'Key': 'kubernetes.io/created-for/pvc/namespace', 'Value': 'op-druid'}, {'Key': 'CSIVolumeName', 'Value': 'pvc-b41982e3-3a7f-451b-8bc2-78de2c4d4cfa'}, {'Key': 'kubernetes.io/created-for/pv/name', 'Value': 'pvc-b41982e3-3a7f-451b-8bc2-78de2c4d4cfa'}]",$0.80,$9.60
700982990415,us-east-1,op-druid,var-op-druid-meters-0-data-5,vol-0279d2f11140e8dec,2023-10-05 23:56:33.078000+00:00,1024,io1,10240,"[{'Key': 'Name', 'Value': 'eks-us-east-1-dynamic-pvc-a91a04cb-ba61-4f2e-94ed-a8c97f8f6b73'}, {'Key': 'KubernetesCluster', 'Value': 'eks-us-east-1'}, {'Key': 'kubernetes.io/created-for/pvc/name', 'Value': 'var-op-druid-meters-0-data-5'}, {'Key': 'kubernetes.io/cluster/eks-us-east-1', 'Value': 'owned'}, {'Key': 'kubernetes.io/created-for/pv/name', 'Value': 'pvc-a91a04cb-ba61-4f2e-94ed-a8c97f8f6b73'}, {'Key': 'CSIVolumeName', 'Value': 'pvc-a91a04cb-ba61-4f2e-94ed-a8c97f8f6b73'}, {'Key': 'ebs.csi.aws.com/cluster', 'Value': 'true'}, {'Key': 'kubernetes.io/created-for/pvc/namespace', 'Value': 'op-druid'}]",$81.92,$983.04
700982990415,us-east-1,op-druid,var-op-druid-meters-0-data-2,vol-0480cc578327fb16d,2023-10-05 23:56:32.884000+00:00,1024,io1,10240,"[{'Key': 'kubernetes.io/created-for/pvc/name', 'Value': 'var-op-druid-meters-0-data-2'}, {'Key': 'KubernetesCluster', 'Value': 'eks-us-east-1'}, {'Key': 'kubernetes.io/created-for/pv/name', 'Value': 'pvc-2137696c-d1cb-4ea9-831b-08d80baa4cb9'}, {'Key': 'kubernetes.io/cluster/eks-us-east-1', 'Value': 'owned'}, {'Key': 'CSIVolumeName', 'Value': 'pvc-2137696c-d1cb-4ea9-831b-08d80baa4cb9'}, {'Key': 'Name', 'Value': 'eks-us-east-1-dynamic-pvc-2137696c-d1cb-4ea9-831b-08d80baa4cb9'}, {'Key': 'ebs.csi.aws.com/cluster', 'Value': 'true'}, {'Key': 'kubernetes.io/created-for/pvc/namespace', 'Value': 'op-druid'}]",$81.92,$983.04
700982990415,us-east-1,N/A,N/A,vol-03ceff2a3ce0e942e,2020-07-14 04:41:07.265000+00:00,8,gp2,100,[],$0.64,$7.68
700982990415,us-east-1,op-druid,var-op-druid-metric-0-data-9,vol-0ca105228234f3cca,2023-10-05 23:57:57.702000+00:00,1024,io1,10240,"[{'Key': 'CSIVolumeName', 'Value': 'pvc-eb48d2eb-f63c-4e31-af94-6b17732f98d1'}, {'Key': 'KubernetesCluster', 'Value': 'eks-us-east-1'}, {'Key': 'Name', 'Value': 'eks-us-east-1-dynamic-pvc-eb48d2eb-f63c-4e31-af94-6b17732f98d1'}, {'Key': 'kubernetes.io/created-for/pvc/namespace', 'Value': 'op-druid'}, {'Key': 'ebs.csi.aws.com/cluster', 'Value': 'true'}, {'Key': 'kubernetes.io/created-for/pv/name', 'Value': 'pvc-eb48d2eb-f63c-4e31-af94-6b17732f98d1'}, {'Key': 'kubernetes.io/cluster/eks-us-east-1', 'Value': 'owned'}, {'Key': 'kubernetes.io/created-for/pvc/name', 'Value': 'var-op-druid-metric-0-data-9'}]",$81.92,$983.04
700982990415,us-east-1,data-exporter,persistent-sending-queue-traces-collector-5,vol-001e82c79f1830c32,2023-10-16 20:25:31.090000+00:00,1,gp2,100,"[{'Key': 'CSIVolumeName', 'Value': 'pvc-c764a6af-7f79-4265-b744-11689222a68c'}, {'Key': 'kubernetes.io/created-for/pvc/namespace', 'Value': 'data-exporter'}, {'Key': 'kubernetes.io/created-for/pv/name', 'Value': 'pvc-c764a6af-7f79-4265-b744-11689222a68c'}, {'Key': 'Name', 'Value': 'eks-us-east-1-dynamic-pvc-c764a6af-7f79-4265-b744-11689222a68c'}, {'Key': 'kubernetes.io/created-for/pvc/name', 'Value': 'persistent-sending-queue-traces-collector-5'}, {'Key': 'ebs.csi.aws.com/cluster', 'Value': 'true'}, {'Key': 'KubernetesCluster', 'Value': 'eks-us-east-1'}, {'Key': 'kubernetes.io/cluster/eks-us-east-1', 'Value': 'owned'}]",$0.08,$0.96
700982990415,us-east-1,data-exporter,persistent-sending-queue-traces-collector-2,vol-0aa54e51369c2f75d,2023-10-16 20:25:31.009000+00:00,1,gp2,100,"[{'Key': 'kubernetes.io/created-for/pvc/name', 'Value': 'persistent-sending-queue-traces-collector-2'}, {'Key': 'kubernetes.io/created-for/pvc/namespace', 'Value': 'data-exporter'}, {'Key': 'CSIVolumeName', 'Value': 'pvc-042ccd53-7458-49fb-998d-3c1e0d87327f'}, {'Key': 'Name', 'Value': 'eks-us-east-1-dynamic-pvc-042ccd53-7458-49fb-998d-3c1e0d87327f'}, {'Key': 'ebs.csi.aws.com/cluster', 'Value': 'true'}, {'Key': 'kubernetes.io/cluster/eks-us-east-1', 'Value': 'owned'}, {'Key': 'KubernetesCluster', 'Value': 'eks-us-east-1'}, {'Key': 'kubernetes.io/created-for/pv/name', 'Value': 'pvc-042ccd53-7458-49fb-998d-3c1e0d87327f'}]",$0.08,$0.96
700982990415,us-east-1,op-druid,var-op-druid-metric-0-data-7,vol-0b021539a22a6f1a7,2023-10-05 23:57:59.702000+00:00,1024,io1,10240,"[{'Key': 'ebs.csi.aws.com/cluster', 'Value': 'true'}, {'Key': 'Name', 'Value': 'eks-us-east-1-dynamic-pvc-aa25611a-8d0f-46f7-a81a-6628ca4539fe'}, {'Key': 'CSIVolumeName', 'Value': 'pvc-aa25611a-8d0f-46f7-a81a-6628ca4539fe'}, {'Key': 'kubernetes.io/created-for/pvc/namespace', 'Value': 'op-druid'}, {'Key': 'kubernetes.io/created-for/pvc/name', 'Value': 'var-op-druid-metric-0-data-7'}, {'Key': 'KubernetesCluster', 'Value': 'eks-us-east-1'}, {'Key': 'kubernetes.io/cluster/eks-us-east-1', 'Value': 'owned'}, {'Key': 'kubernetes.io/created-for/pv/name', 'Value': 'pvc-aa25611a-8d0f-46f7-a81a-6628ca4539fe'}]",$81.92,$983.04
700982990415,us-east-1,op-druid,var-op-druid-meters-0-data-7,vol-0517ed3049d75b874,2023-10-05 23:56:33.250000+00:00,1024,io1,10240,"[{'Key': 'Name', 'Value': 'eks-us-east-1-dynamic-pvc-50d2c3ce-8f42-4ac2-8978-7862aa1feb8f'}, {'Key': 'kubernetes.io/created-for/pvc/namespace', 'Value': 'op-druid'}, {'Key': 'KubernetesCluster', 'Value': 'eks-us-east-1'}, {'Key': 'ebs.csi.aws.com/cluster', 'Value': 'true'}, {'Key': 'kubernetes.io/cluster/eks-us-east-1', 'Value': 'owned'}, {'Key': 'CSIVolumeName', 'Value': 'pvc-50d2c3ce-8f42-4ac2-8978-7862aa1feb8f'}, {'Key': 'kubernetes.io/created-for/pv/name', 'Value': 'pvc-50d2c3ce-8f42-4ac2-8978-7862aa1feb8f'}, {'Key': 'kubernetes.io/created-for/pvc/name', 'Value': 'var-op-druid-meters-0-data-7'}]",$81.92,$983.04
700982990415,us-east-1,design-center,projects-service-pv-wc-redis-template-claim-projects-service-5,vol-0c51df8bb75518a8c,2020-10-06 16:08:05.696000+00:00,100,io1,500,"[{'Key': 'kubernetes.io/created-for/pv/name', 'Value': 'pvc-bf2ae356-6a38-495c-a4ef-8cbacd3b3d3b'}, {'Key': 'kubernetes.io/cluster/stable5-us-east-1', 'Value': 'owned'}, {'Key': 'kubernetes.io/created-for/pvc/name', 'Value': 'projects-service-pv-wc-redis-template-claim-projects-service-5'}, {'Key': 'kubernetes.io/created-for/pvc/namespace', 'Value': 'design-center'}, {'Key': 'KubernetesCluster', 'Value': 'stable5-us-east-1'}, {'Key': 'Name', 'Value': 'kubernetes-dynamic-pvc-bf2ae356-6a38-495c-a4ef-8cbacd3b3d3b'}]",$8.00,$96.00
700982990415,us-east-1,data-exporter,persistent-sending-queue-traces-collector-4,vol-078df6def536393d2,2023-10-16 20:25:31.012000+00:00,1,gp2,100,"[{'Key': 'kubernetes.io/created-for/pvc/namespace', 'Value': 'data-exporter'}, {'Key': 'kubernetes.io/created-for/pv/name', 'Value': 'pvc-708c8569-b597-4030-a430-e44f589f0d0b'}, {'Key': 'kubernetes.io/cluster/eks-us-east-1', 'Value': 'owned'}, {'Key': 'Name', 'Value': 'eks-us-east-1-dynamic-pvc-708c8569-b597-4030-a430-e44f589f0d0b'}, {'Key': 'CSIVolumeName', 'Value': 'pvc-708c8569-b597-4030-a430-e44f589f0d0b'}, {'Key': 'kubernetes.io/created-for/pvc/name', 'Value': 'persistent-sending-queue-traces-collector-4'}, {'Key': 'ebs.csi.aws.com/cluster', 'Value': 'true'}, {'Key': 'KubernetesCluster', 'Value': 'eks-us-east-1'}]",$0.08,$0.96
700982990415,us-east-1,op-druid,tmp-op-druid-traces-0-data-0,vol-04a51db14e1fab5a2,2023-10-05 23:57:57.685000+00:00,100,io1,1000,"[{'Key': 'kubernetes.io/cluster/eks-us-east-1', 'Value': 'owned'}, {'Key': 'kubernetes.io/created-for/pvc/name', 'Value': 'tmp-op-druid-traces-0-data-0'}, {'Key': 'Name', 'Value': 'eks-us-east-1-dynamic-pvc-2ef29663-2740-4c96-a214-1cabf8faf60b'}, {'Key': 'kubernetes.io/created-for/pvc/namespace', 'Value': 'op-druid'}, {'Key': 'KubernetesCluster', 'Value': 'eks-us-east-1'}, {'Key': 'CSIVolumeName', 'Value': 'pvc-2ef29663-2740-4c96-a214-1cabf8faf60b'}, {'Key': 'ebs.csi.aws.com/cluster', 'Value': 'true'}, {'Key': 'kubernetes.io/created-for/pv/name', 'Value': 'pvc-2ef29663-2740-4c96-a214-1cabf8faf60b'}]",$8.00,$96.00
700982990415,us-east-1,op-druid,var-op-druid-meters-0-data-4,vol-072c3b3fb1e548442,2023-10-05 23:56:33.073000+00:00,1024,io1,10240,"[{'Key': 'kubernetes.io/cluster/eks-us-east-1', 'Value': 'owned'}, {'Key': 'kubernetes.io/created-for/pv/name', 'Value': 'pvc-37cde81c-cc0b-47c5-b5d5-e58f50bf3a59'}, {'Key': 'CSIVolumeName', 'Value': 'pvc-37cde81c-cc0b-47c5-b5d5-e58f50bf3a59'}, {'Key': 'KubernetesCluster', 'Value': 'eks-us-east-1'}, {'Key': 'kubernetes.io/created-for/pvc/namespace', 'Value': 'op-druid'}, {'Key': 'Name', 'Value': 'eks-us-east-1-dynamic-pvc-37cde81c-cc0b-47c5-b5d5-e58f50bf3a59'}, {'Key': 'ebs.csi.aws.com/cluster', 'Value': 'true'}, {'Key': 'kubernetes.io/created-for/pvc/name', 'Value': 'var-op-druid-meters-0-data-4'}]",$81.92,$983.04
700982990415,us-east-1,op-druid,tmp-op-druid-metric-0-data-1,vol-07dcd5137767be6df,2023-10-05 23:57:57.296000+00:00,100,io1,1000,"[{'Key': 'kubernetes.io/created-for/pvc/name', 'Value': 'tmp-op-druid-metric-0-data-1'}, {'Key': 'kubernetes.io/created-for/pv/name', 'Value': 'pvc-73d41063-1761-425c-8137-4918b6f8730a'}, {'Key': 'kubernetes.io/created-for/pvc/namespace', 'Value': 'op-druid'}, {'Key': 'kubernetes.io/cluster/eks-us-east-1', 'Value': 'owned'}, {'Key': 'ebs.csi.aws.com/cluster', 'Value': 'true'}, {'Key': 'KubernetesCluster', 'Value': 'eks-us-east-1'}, {'Key': 'Name', 'Value': 'eks-us-east-1-dynamic-pvc-73d41063-1761-425c-8137-4918b6f8730a'}, {'Key': 'CSIVolumeName', 'Value': 'pvc-73d41063-1761-425c-8137-4918b6f8730a'}]",$8.00,$96.00
700982990415,us-east-1,op-druid,tmp-op-druid-metric-0-data-0,vol-017adb6c579b75051,2023-10-05 23:57:56.739000+00:00,100,io1,1000,"[{'Key': 'Name', 'Value': 'eks-us-east-1-dynamic-pvc-999190f3-410c-4f0f-b359-097fb387f806'}, {'Key': 'kubernetes.io/created-for/pvc/name', 'Value': 'tmp-op-druid-metric-0-data-0'}, {'Key': 'kubernetes.io/created-for/pvc/namespace', 'Value': 'op-druid'}, {'Key': 'ebs.csi.aws.com/cluster', 'Value': 'true'}, {'Key': 'CSIVolumeName', 'Value': 'pvc-999190f3-410c-4f0f-b359-097fb387f806'}, {'Key': 'kubernetes.io/created-for/pv/name', 'Value': 'pvc-999190f3-410c-4f0f-b359-097fb387f806'}, {'Key': 'KubernetesCluster', 'Value': 'eks-us-east-1'}, {'Key': 'kubernetes.io/cluster/eks-us-east-1', 'Value': 'owned'}]",$8.00,$96.00
700982990415,us-east-1,data-exporter,persistent-sending-queue-traces-collector-7,vol-0e04f4e6734a71d38,2024-02-01 20:28:30.927000+00:00,1,gp2,100,"[{'Key': 'kubernetes.io/created-for/pv/name', 'Value': 'pvc-8e21b0b8-db94-44d6-af40-4065d6a0703d'}, {'Key': 'kubernetes.io/created-for/pvc/namespace', 'Value': 'data-exporter'}, {'Key': 'KubernetesCluster', 'Value': 'eks-us-east-1'}, {'Key': 'ebs.csi.aws.com/cluster', 'Value': 'true'}, {'Key': 'kubernetes.io/created-for/pvc/name', 'Value': 'persistent-sending-queue-traces-collector-7'}, {'Key': 'Name', 'Value': 'eks-us-east-1-dynamic-pvc-8e21b0b8-db94-44d6-af40-4065d6a0703d'}, {'Key': 'CSIVolumeName', 'Value': 'pvc-8e21b0b8-db94-44d6-af40-4065d6a0703d'}, {'Key': 'kubernetes.io/cluster/eks-us-east-1', 'Value': 'owned'}]",$0.08,$0.96
700982990415,us-east-1,N/A,N/A,vol-09b67b806dc82157b,2019-11-12 07:39:06.704000+00:00,8,gp2,100,[],$0.64,$7.68
700982990415,us-east-1,op-druid,tmp-op-druid-metric-0-data-8,vol-020d525d32ce46df9,2023-10-05 23:57:56.994000+00:00,100,io1,1000,"[{'Key': 'kubernetes.io/created-for/pvc/name', 'Value': 'tmp-op-druid-metric-0-data-8'}, {'Key': 'ebs.csi.aws.com/cluster', 'Value': 'true'}, {'Key': 'CSIVolumeName', 'Value': 'pvc-418ca2dc-2867-4e19-9e02-eeaa4e9c9bba'}, {'Key': 'Name', 'Value': 'eks-us-east-1-dynamic-pvc-418ca2dc-2867-4e19-9e02-eeaa4e9c9bba'}, {'Key': 'kubernetes.io/created-for/pvc/namespace', 'Value': 'op-druid'}, {'Key': 'kubernetes.io/created-for/pv/name', 'Value': 'pvc-418ca2dc-2867-4e19-9e02-eeaa4e9c9bba'}, {'Key': 'KubernetesCluster', 'Value': 'eks-us-east-1'}, {'Key': 'kubernetes.io/cluster/eks-us-east-1', 'Value': 'owned'}]",$8.00,$96.00
700982990415,us-east-1,design-center,projects-service-pv-wc-redis-template-claim-projects-service-3,vol-04cec8eba9a405de8,2020-10-06 16:04:56.727000+00:00,100,io1,500,"[{'Key': 'kubernetes.io/created-for/pv/name', 'Value': 'pvc-5701dd53-af48-4a24-a9e5-98cf2371d048'}, {'Key': 'KubernetesCluster', 'Value': 'stable5-us-east-1'}, {'Key': 'Name', 'Value': 'kubernetes-dynamic-pvc-5701dd53-af48-4a24-a9e5-98cf2371d048'}, {'Key': 'kubernetes.io/created-for/pvc/name', 'Value': 'projects-service-pv-wc-redis-template-claim-projects-service-3'}, {'Key': 'kubernetes.io/cluster/stable5-us-east-1', 'Value': 'owned'}, {'Key': 'kubernetes.io/created-for/pvc/namespace', 'Value': 'design-center'}]",$8.00,$96.00
700982990415,us-east-1,N/A,N/A,vol-0635e59f35c6327f1,2020-01-04 05:04:14.721000+00:00,8,gp2,100,[],$0.64,$7.68
700982990415,us-east-1,op-druid,datalogdir-op-druid-zk-v1-3,vol-0c56076e781c86b70,2023-07-24 23:29:15.986000+00:00,10,gp2,100,"[{'Key': 'kubernetes.io/created-for/pv/name', 'Value': 'pvc-6755dc03-3746-46aa-a527-a75235278e10'}, {'Key': 'kubernetes.io/cluster/eks-us-east-1', 'Value': 'owned'}, {'Key': 'kubernetes.io/created-for/pvc/name', 'Value': 'datalogdir-op-druid-zk-v1-3'}, {'Key': 'Name', 'Value': 'eks-us-east-1-dynamic-pvc-6755dc03-3746-46aa-a527-a75235278e10'}, {'Key': 'kubernetes.io/created-for/pvc/namespace', 'Value': 'op-druid'}, {'Key': 'CSIVolumeName', 'Value': 'pvc-6755dc03-3746-46aa-a527-a75235278e10'}, {'Key': 'KubernetesCluster', 'Value': 'eks-us-east-1'}, {'Key': 'ebs.csi.aws.com/cluster', 'Value': 'true'}]",$0.80,$9.60
700982990415,us-east-1,design-center,projects-service-pv-wc-redis-template-claim-projects-service-6,vol-06e4d21dfc8cd7614,2020-10-06 16:09:59.379000+00:00,100,io1,500,"[{'Key': 'Name', 'Value': 'kubernetes-dynamic-pvc-400cd87b-ea05-474c-bcac-b73717d0ae7e'}, {'Key': 'kubernetes.io/created-for/pvc/namespace', 'Value': 'design-center'}, {'Key': 'kubernetes.io/cluster/stable5-us-east-1', 'Value': 'owned'}, {'Key': 'KubernetesCluster', 'Value': 'stable5-us-east-1'}, {'Key': 'kubernetes.io/created-for/pv/name', 'Value': 'pvc-400cd87b-ea05-474c-bcac-b73717d0ae7e'}, {'Key': 'kubernetes.io/created-for/pvc/name', 'Value': 'projects-service-pv-wc-redis-template-claim-projects-service-6'}]",$8.00,$96.00
700982990415,us-east-1,op-druid,var-op-druid-metric-0-data-5,vol-0019dec3590b40ed1,2023-10-05 23:57:56.797000+00:00,1024,io1,10240,"[{'Key': 'Name', 'Value': 'eks-us-east-1-dynamic-pvc-c14f41b1-6974-4ab3-ac40-1d44f9169e83'}, {'Key': 'ebs.csi.aws.com/cluster', 'Value': 'true'}, {'Key': 'KubernetesCluster', 'Value': 'eks-us-east-1'}, {'Key': 'kubernetes.io/created-for/pv/name', 'Value': 'pvc-c14f41b1-6974-4ab3-ac40-1d44f9169e83'}, {'Key': 'kubernetes.io/cluster/eks-us-east-1', 'Value': 'owned'}, {'Key': 'kubernetes.io/created-for/pvc/name', 'Value': 'var-op-druid-metric-0-data-5'}, {'Key': 'kubernetes.io/created-for/pvc/namespace', 'Value': 'op-druid'}, {'Key': 'CSIVolumeName', 'Value': 'pvc-c14f41b1-6974-4ab3-ac40-1d44f9169e83'}]",$81.92,$983.04
700982990415,us-east-1,op-druid,tmp-op-druid-metric-0-data-2,vol-0f4dbda42c624a51b,2023-10-05 23:57:57.075000+00:00,100,io1,1000,"[{'Key': 'Name', 'Value': 'eks-us-east-1-dynamic-pvc-c0b0ed7e-e8df-4bd6-b73b-42bd3ac3d20b'}, {'Key': 'kubernetes.io/cluster/eks-us-east-1', 'Value': 'owned'}, {'Key': 'kubernetes.io/created-for/pv/name', 'Value': 'pvc-c0b0ed7e-e8df-4bd6-b73b-42bd3ac3d20b'}, {'Key': 'kubernetes.io/created-for/pvc/name', 'Value': 'tmp-op-druid-metric-0-data-2'}, {'Key': 'CSIVolumeName', 'Value': 'pvc-c0b0ed7e-e8df-4bd6-b73b-42bd3ac3d20b'}, {'Key': 'KubernetesCluster', 'Value': 'eks-us-east-1'}, {'Key': 'kubernetes.io/created-for/pvc/namespace', 'Value': 'op-druid'}, {'Key': 'ebs.csi.aws.com/cluster', 'Value': 'true'}]",$8.00,$96.00
700982990415,us-east-1,op-druid,var-op-druid-metric-0-data-6,vol-037ed08106564e991,2023-10-05 23:57:56.810000+00:00,1024,io1,10240,"[{'Key': 'CSIVolumeName', 'Value': 'pvc-85a1d507-7113-4e25-90c1-326407762cbd'}, {'Key': 'Name', 'Value': 'eks-us-east-1-dynamic-pvc-85a1d507-7113-4e25-90c1-326407762cbd'}, {'Key': 'kubernetes.io/created-for/pvc/namespace', 'Value': 'op-druid'}, {'Key': 'kubernetes.io/created-for/pv/name', 'Value': 'pvc-85a1d507-7113-4e25-90c1-326407762cbd'}, {'Key': 'kubernetes.io/cluster/eks-us-east-1', 'Value': 'owned'}, {'Key': 'ebs.csi.aws.com/cluster', 'Value': 'true'}, {'Key': 'KubernetesCluster', 'Value': 'eks-us-east-1'}, {'Key': 'kubernetes.io/created-for/pvc/name', 'Value': 'var-op-druid-metric-0-data-6'}]",$81.92,$983.04
700982990415,us-east-1,op-druid,var-op-druid-meters-1-data-0,vol-0de7ce684353c7145,2023-10-05 23:56:33.828000+00:00,1024,io1,10240,"[{'Key': 'ebs.csi.aws.com/cluster', 'Value': 'true'}, {'Key': 'kubernetes.io/cluster/eks-us-east-1', 'Value': 'owned'}, {'Key': 'CSIVolumeName', 'Value': 'pvc-b4887d3c-5d8c-4afa-9668-2ef43c24c55a'}, {'Key': 'KubernetesCluster', 'Value': 'eks-us-east-1'}, {'Key': 'kubernetes.io/created-for/pvc/name', 'Value': 'var-op-druid-meters-1-data-0'}, {'Key': 'Name', 'Value': 'eks-us-east-1-dynamic-pvc-b4887d3c-5d8c-4afa-9668-2ef43c24c55a'}, {'Key': 'kubernetes.io/created-for/pvc/namespace', 'Value': 'op-druid'}, {'Key': 'kubernetes.io/created-for/pv/name', 'Value': 'pvc-b4887d3c-5d8c-4afa-9668-2ef43c24c55a'}]",$81.92,$983.04
700982990415,us-east-1,op-druid,tmp-op-druid-meters-0-data-6,vol-0c2877b45de63bc91,2023-10-05 23:56:33.145000+00:00,100,io1,1000,"[{'Key': 'kubernetes.io/cluster/eks-us-east-1', 'Value': 'owned'}, {'Key': 'CSIVolumeName', 'Value': 'pvc-a82f2f18-a629-479e-8a5f-99e4c5982ae3'}, {'Key': 'Name', 'Value': 'eks-us-east-1-dynamic-pvc-a82f2f18-a629-479e-8a5f-99e4c5982ae3'}, {'Key': 'kubernetes.io/created-for/pvc/namespace', 'Value': 'op-druid'}, {'Key': 'KubernetesCluster', 'Value': 'eks-us-east-1'}, {'Key': 'kubernetes.io/created-for/pvc/name', 'Value': 'tmp-op-druid-meters-0-data-6'}, {'Key': 'kubernetes.io/created-for/pv/name', 'Value': 'pvc-a82f2f18-a629-479e-8a5f-99e4c5982ae3'}, {'Key': 'ebs.csi.aws.com/cluster', 'Value': 'true'}]",$8.00,$96.00
700982990415,us-east-1,op-druid,datadir-op-druid-zk-v1-1,vol-07bc745496af669fb,2023-07-24 23:28:08.789000+00:00,10,gp2,100,"[{'Key': 'Name', 'Value': 'eks-us-east-1-dynamic-pvc-b74fc164-1790-45a0-b9f4-11ad22343075'}, {'Key': 'kubernetes.io/created-for/pvc/namespace', 'Value': 'op-druid'}, {'Key': 'kubernetes.io/created-for/pvc/name', 'Value': 'datadir-op-druid-zk-v1-1'}, {'Key': 'kubernetes.io/created-for/pv/name', 'Value': 'pvc-b74fc164-1790-45a0-b9f4-11ad22343075'}, {'Key': 'CSIVolumeName', 'Value': 'pvc-b74fc164-1790-45a0-b9f4-11ad22343075'}, {'Key': 'ebs.csi.aws.com/cluster', 'Value': 'true'}, {'Key': 'kubernetes.io/cluster/eks-us-east-1', 'Value': 'owned'}, {'Key': 'KubernetesCluster', 'Value': 'eks-us-east-1'}]",$0.80,$9.60
700982990415,us-east-1,op-druid,datadir-op-druid-zk-v1-2,vol-0ce9a653bbb8310ba,2023-07-24 23:28:40.357000+00:00,10,gp2,100,"[{'Key': 'kubernetes.io/created-for/pv/name', 'Value': 'pvc-aa38b16c-732b-4aa3-9491-80080f4e39cf'}, {'Key': 'kubernetes.io/created-for/pvc/namespace', 'Value': 'op-druid'}, {'Key': 'KubernetesCluster', 'Value': 'eks-us-east-1'}, {'Key': 'ebs.csi.aws.com/cluster', 'Value': 'true'}, {'Key': 'kubernetes.io/cluster/eks-us-east-1', 'Value': 'owned'}, {'Key': 'kubernetes.io/created-for/pvc/name', 'Value': 'datadir-op-druid-zk-v1-2'}, {'Key': 'CSIVolumeName', 'Value': 'pvc-aa38b16c-732b-4aa3-9491-80080f4e39cf'}, {'Key': 'Name', 'Value': 'eks-us-east-1-dynamic-pvc-aa38b16c-732b-4aa3-9491-80080f4e39cf'}]",$0.80,$9.60
700982990415,us-east-1,op-druid,var-op-druid-metric-0-data-2,vol-088a5fa0d3436569d,2023-10-05 23:57:57.002000+00:00,1024,io1,10240,"[{'Key': 'KubernetesCluster', 'Value': 'eks-us-east-1'}, {'Key': 'kubernetes.io/created-for/pv/name', 'Value': 'pvc-3d15241f-a4b4-49de-b3bd-25129366acfb'}, {'Key': 'kubernetes.io/created-for/pvc/namespace', 'Value': 'op-druid'}, {'Key': 'CSIVolumeName', 'Value': 'pvc-3d15241f-a4b4-49de-b3bd-25129366acfb'}, {'Key': 'kubernetes.io/cluster/eks-us-east-1', 'Value': 'owned'}, {'Key': 'Name', 'Value': 'eks-us-east-1-dynamic-pvc-3d15241f-a4b4-49de-b3bd-25129366acfb'}, {'Key': 'kubernetes.io/created-for/pvc/name', 'Value': 'var-op-druid-metric-0-data-2'}, {'Key': 'ebs.csi.aws.com/cluster', 'Value': 'true'}]",$81.92,$983.04
700982990415,us-east-1,op-druid,tmp-op-druid-meters-0-data-5,vol-0bec7c3eaaf4b01f2,2023-10-05 23:56:33.127000+00:00,100,io1,1000,"[{'Key': 'kubernetes.io/created-for/pv/name', 'Value': 'pvc-0fd1df05-2a8f-4ff9-896c-a906468f0f6c'}, {'Key': 'ebs.csi.aws.com/cluster', 'Value': 'true'}, {'Key': 'kubernetes.io/cluster/eks-us-east-1', 'Value': 'owned'}, {'Key': 'KubernetesCluster', 'Value': 'eks-us-east-1'}, {'Key': 'CSIVolumeName', 'Value': 'pvc-0fd1df05-2a8f-4ff9-896c-a906468f0f6c'}, {'Key': 'Name', 'Value': 'eks-us-east-1-dynamic-pvc-0fd1df05-2a8f-4ff9-896c-a906468f0f6c'}, {'Key': 'kubernetes.io/created-for/pvc/name', 'Value': 'tmp-op-druid-meters-0-data-5'}, {'Key': 'kubernetes.io/created-for/pvc/namespace', 'Value': 'op-druid'}]",$8.00,$96.00
700982990415,us-east-1,op-druid,tmp-op-druid-meters-0-data-3,vol-00968a5b00819dbba,2023-10-05 23:56:33.044000+00:00,100,io1,1000,"[{'Key': 'Name', 'Value': 'eks-us-east-1-dynamic-pvc-3cf9dc2a-4f47-4f60-be35-1a908ac6de05'}, {'Key': 'kubernetes.io/created-for/pv/name', 'Value': 'pvc-3cf9dc2a-4f47-4f60-be35-1a908ac6de05'}, {'Key': 'KubernetesCluster', 'Value': 'eks-us-east-1'}, {'Key': 'ebs.csi.aws.com/cluster', 'Value': 'true'}, {'Key': 'kubernetes.io/created-for/pvc/namespace', 'Value': 'op-druid'}, {'Key': 'kubernetes.io/cluster/eks-us-east-1', 'Value': 'owned'}, {'Key': 'kubernetes.io/created-for/pvc/name', 'Value': 'tmp-op-druid-meters-0-data-3'}, {'Key': 'CSIVolumeName', 'Value': 'pvc-3cf9dc2a-4f47-4f60-be35-1a908ac6de05'}]",$8.00,$96.00
700982990415,us-east-1,N/A,N/A,vol-0386c3d840a8a7cb6,2019-10-10 16:44:46.082000+00:00,8,gp2,100,[],$0.64,$7.68
700982990415,us-west-1,N/A,N/A,vol-098bf2b69a9862353,2019-10-10 17:05:39.732000+00:00,8,gp2,100,[],$0.64,$7.68
